Lot Name, Rate ,Start Date,Event
GG1 Lot, $20.00 ,9/2/2023,UMD vs Towson
GG1 Lot, $20.00 ,9/2/2023,UMD vs Towson
GG1 Lot, $20.00 ,9/2/2023,UMD vs Towson
GG1 Lot, $20.00 ,9/2/2023,UMD vs Towson
GG1 Lot, $20.00 ,9/2/2023,UMD vs Towson
GG1 Lot, $20.00 ,9/2/2023,UMD vs Towson
GG1 Lot, $20.00 ,9/2/2023,UMD vs Towson
GG1 Lot, $20.00 ,9/2/2023,UMD vs Towson
GG1 Lot, $20.00 ,9/2/2023,UMD vs Towson
GG1 Lot, $20.00 ,9/2/2023,UMD vs Towson
GG1 Lot, $20.00 ,9/2/2023,UMD vs Towson
GG1 Lot, $20.00 ,9/2/2023,UMD vs Towson
GG1 Lot, $20.00 ,9/2/2023,UMD vs Towson
GG1 Lot, $20.00 ,9/2/2023,UMD vs Towson
GG1 Lot, $20.00 ,9/2/2023,UMD vs Towson
L Lot, $20.00 ,9/2/2023,UMD vs Towson
L Lot, $20.00 ,9/2/2023,UMD vs Towson
L Lot, $20.00 ,9/2/2023,UMD vs Towson
L Lot, $20.00 ,9/2/2023,UMD vs Towson
L Lot, $20.00 ,9/2/2023,UMD vs Towson
L Lot, $20.00 ,9/2/2023,UMD vs Towson
L Lot, $20.00 ,9/2/2023,UMD vs Towson
L Lot, $20.00 ,9/2/2023,UMD vs Towson
L Lot, $20.00 ,9/2/2023,UMD vs Towson
PH Lot, $20.00 ,9/2/2023,UMD vs Towson
PH Lot, $20.00 ,9/2/2023,UMD vs Towson
PH Lot, $20.00 ,9/2/2023,UMD vs Towson
PH Lot, $20.00 ,9/2/2023,UMD vs Towson
PH Lot, $20.00 ,9/2/2023,UMD vs Towson
PH Lot, $20.00 ,9/2/2023,UMD vs Towson
PH Lot, $20.00 ,9/2/2023,UMD vs Towson
PH Lot, $20.00 ,9/2/2023,UMD vs Towson
PH Lot, $20.00 ,9/2/2023,UMD vs Towson
PH Lot, $20.00 ,9/2/2023,UMD vs Towson
PH Lot, $20.00 ,9/2/2023,UMD vs Towson
PH Lot, $20.00 ,9/2/2023,UMD vs Towson
PH Lot, $20.00 ,9/2/2023,UMD vs Towson
XX1/XVL, $20.00 ,9/2/2023,UMD vs Towson
XX1/XVL, $20.00 ,9/2/2023,UMD vs Towson
XX1/XVL, $20.00 ,9/2/2023,UMD vs Towson
XX1/XVL, $20.00 ,9/2/2023,UMD vs Towson
XX1/XVL, $20.00 ,9/2/2023,UMD vs Towson
XX1/XVL, $20.00 ,9/2/2023,UMD vs Towson
XX1/XVL, $20.00 ,9/2/2023,UMD vs Towson
XX1/XVL, $20.00 ,9/2/2023,UMD vs Towson
XX1/XVL, $20.00 ,9/2/2023,UMD vs Towson
XX1/XVL, $20.00 ,9/2/2023,UMD vs Towson
XX1/XVL, $20.00 ,9/2/2023,UMD vs Towson
XX1/XVL, $20.00 ,9/2/2023,UMD vs Towson
XX1/XVL, $20.00 ,9/2/2023,UMD vs Towson
XX1/XVL, $20.00 ,9/2/2023,UMD vs Towson
XX1/XVL, $20.00 ,9/2/2023,UMD vs Towson
XX1/XVL, $20.00 ,9/2/2023,UMD vs Towson
Regents Drive Garage, $20.00 ,9/2/2023,UMD vs Towson
Regents Drive Garage, $20.00 ,9/2/2023,UMD vs Towson
Regents Drive Garage, $20.00 ,9/2/2023,UMD vs Towson
Regents Drive Garage, $20.00 ,9/2/2023,UMD vs Towson
Regents Drive Garage, $20.00 ,9/2/2023,UMD vs Towson
Regents Drive Garage, $20.00 ,9/2/2023,UMD vs Towson
Regents Drive Garage, $20.00 ,9/2/2023,UMD vs Towson
Regents Drive Garage, $20.00 ,9/2/2023,UMD vs Towson
Regents Drive Garage, $20.00 ,9/2/2023,UMD vs Towson
Regents Drive Garage, $20.00 ,9/2/2023,UMD vs Towson
Regents Drive Garage, $20.00 ,9/2/2023,UMD vs Towson
Regents Drive Garage, $20.00 ,9/2/2023,UMD vs Towson
Regents Drive Garage, $20.00 ,9/2/2023,UMD vs Towson
Regents Drive Garage, $20.00 ,9/2/2023,UMD vs Towson
Regents Drive Garage, $20.00 ,9/2/2023,UMD vs Towson
Regents Drive Garage, $20.00 ,9/2/2023,UMD vs Towson
Regents Drive Garage, $20.00 ,9/2/2023,UMD vs Towson
Regents Drive Garage, $20.00 ,9/2/2023,UMD vs Towson
Regents Drive Garage, $20.00 ,9/2/2023,UMD vs Towson
Regents Drive Garage, $20.00 ,9/2/2023,UMD vs Towson
Regents Drive Garage, $20.00 ,9/2/2023,UMD vs Towson
Regents Drive Garage, $20.00 ,9/2/2023,UMD vs Towson
Regents Drive Garage, $20.00 ,9/2/2023,UMD vs Towson
Regents Drive Garage, $20.00 ,9/2/2023,UMD vs Towson
Regents Drive Garage, $20.00 ,9/2/2023,UMD vs Towson
Regents Drive Garage, $20.00 ,9/2/2023,UMD vs Towson
Regents Drive Garage, $20.00 ,9/2/2023,UMD vs Towson
Regents Drive Garage, $20.00 ,9/2/2023,UMD vs Towson
Regents Drive Garage, $20.00 ,9/2/2023,UMD vs Towson
Regents Drive Garage, $20.00 ,9/2/2023,UMD vs Towson
Regents Drive Garage, $20.00 ,9/2/2023,UMD vs Towson
Regents Drive Garage, $20.00 ,9/2/2023,UMD vs Towson
Regents Drive Garage, $20.00 ,9/2/2023,UMD vs Towson
Regents Drive Garage, $20.00 ,9/2/2023,UMD vs Towson
Regents Drive Garage, $20.00 ,9/2/2023,UMD vs Towson
Regents Drive Garage, $20.00 ,9/2/2023,UMD vs Towson
Regents Drive Garage, $20.00 ,9/2/2023,UMD vs Towson
Regents Drive Garage, $20.00 ,9/2/2023,UMD vs Towson
Regents Drive Garage, $20.00 ,9/2/2023,UMD vs Towson
Regents Drive Garage, $20.00 ,9/2/2023,UMD vs Towson
Regents Drive Garage, $20.00 ,9/2/2023,UMD vs Towson
Regents Drive Garage, $20.00 ,9/2/2023,UMD vs Towson
Regents Drive Garage, $20.00 ,9/2/2023,UMD vs Towson
Regents Drive Garage, $20.00 ,9/2/2023,UMD vs Towson
Regents Drive Garage, $20.00 ,9/2/2023,UMD vs Towson
Regents Drive Garage, $20.00 ,9/2/2023,UMD vs Towson
Regents Drive Garage, $20.00 ,9/2/2023,UMD vs Towson
Regents Drive Garage, $20.00 ,9/2/2023,UMD vs Towson
Regents Drive Garage, $20.00 ,9/2/2023,UMD vs Towson
Regents Drive Garage, $20.00 ,9/2/2023,UMD vs Towson
Regents Drive Garage, $20.00 ,9/2/2023,UMD vs Towson
Regents Drive Garage, $20.00 ,9/2/2023,UMD vs Towson
Regents Drive Garage, $20.00 ,9/2/2023,UMD vs Towson
Regents Drive Garage, $20.00 ,9/2/2023,UMD vs Towson
Regents Drive Garage, $20.00 ,9/2/2023,UMD vs Towson
Regents Drive Garage, $20.00 ,9/2/2023,UMD vs Towson
Regents Drive Garage, $20.00 ,9/2/2023,UMD vs Towson
Regents Drive Garage, $20.00 ,9/2/2023,UMD vs Towson
Regents Drive Garage, $20.00 ,9/2/2023,UMD vs Towson
Regents Drive Garage, $20.00 ,9/2/2023,UMD vs Towson
Regents Drive Garage, $20.00 ,9/2/2023,UMD vs Towson
Regents Drive Garage, $20.00 ,9/2/2023,UMD vs Towson
Regents Drive Garage, $20.00 ,9/2/2023,UMD vs Towson
Regents Drive Garage, $20.00 ,9/2/2023,UMD vs Towson
Regents Drive Garage, $20.00 ,9/2/2023,UMD vs Towson
Regents Drive Garage, $20.00 ,9/2/2023,UMD vs Towson
Regents Drive Garage, $20.00 ,9/2/2023,UMD vs Towson
Regents Drive Garage, $20.00 ,9/2/2023,UMD vs Towson
Regents Drive Garage, $20.00 ,9/2/2023,UMD vs Towson
Regents Drive Garage, $20.00 ,9/2/2023,UMD vs Towson
Regents Drive Garage, $20.00 ,9/2/2023,UMD vs Towson
Regents Drive Garage, $20.00 ,9/2/2023,UMD vs Towson
Regents Drive Garage, $20.00 ,9/2/2023,UMD vs Towson
Regents Drive Garage, $20.00 ,9/2/2023,UMD vs Towson
Regents Drive Garage, $20.00 ,9/2/2023,UMD vs Towson
Regents Drive Garage, $20.00 ,9/2/2023,UMD vs Towson
Regents Drive Garage, $20.00 ,9/2/2023,UMD vs Towson
Regents Drive Garage, $20.00 ,9/2/2023,UMD vs Towson
Regents Drive Garage, $20.00 ,9/2/2023,UMD vs Towson
Regents Drive Garage, $20.00 ,9/2/2023,UMD vs Towson
Regents Drive Garage, $20.00 ,9/2/2023,UMD vs Towson
Regents Drive Garage, $20.00 ,9/2/2023,UMD vs Towson
Regents Drive Garage, $20.00 ,9/2/2023,UMD vs Towson
Regents Drive Garage, $20.00 ,9/2/2023,UMD vs Towson
Regents Drive Garage, $20.00 ,9/2/2023,UMD vs Towson
Regents Drive Garage, $20.00 ,9/2/2023,UMD vs Towson
Regents Drive Garage, $20.00 ,9/2/2023,UMD vs Towson
Regents Drive Garage, $20.00 ,9/2/2023,UMD vs Towson
Regents Drive Garage, $20.00 ,9/2/2023,UMD vs Towson
P2 Lot, $20.00 ,9/2/2023,UMD vs Towson
P2 Lot, $20.00 ,9/2/2023,UMD vs Towson
P2 Lot, $20.00 ,9/2/2023,UMD vs Towson
P2 Lot, $20.00 ,9/2/2023,UMD vs Towson
P2 Lot, $20.00 ,9/2/2023,UMD vs Towson
P2 Lot, $20.00 ,9/2/2023,UMD vs Towson
P2 Lot, $20.00 ,9/2/2023,UMD vs Towson
P2 Lot, $20.00 ,9/2/2023,UMD vs Towson
P2 Lot, $20.00 ,9/2/2023,UMD vs Towson
P2 Lot, $20.00 ,9/2/2023,UMD vs Towson
P2 Lot, $20.00 ,9/2/2023,UMD vs Towson
P2 Lot, $20.00 ,9/2/2023,UMD vs Towson
P2 Lot, $20.00 ,9/2/2023,UMD vs Towson
P2 Lot, $20.00 ,9/2/2023,UMD vs Towson
P2 Lot, $20.00 ,9/2/2023,UMD vs Towson
P2 Lot, $20.00 ,9/2/2023,UMD vs Towson
P2 Lot, $20.00 ,9/2/2023,UMD vs Towson
P2 Lot, $20.00 ,9/2/2023,UMD vs Towson
P2 Lot, $20.00 ,9/2/2023,UMD vs Towson
P2 Lot, $20.00 ,9/2/2023,UMD vs Towson
P2 Lot, $20.00 ,9/2/2023,UMD vs Towson
P2 Lot, $20.00 ,9/2/2023,UMD vs Towson
P2 Lot, $20.00 ,9/2/2023,UMD vs Towson
P2 Lot, $20.00 ,9/2/2023,UMD vs Towson
P2 Lot, $20.00 ,9/2/2023,UMD vs Towson
P2 Lot, $20.00 ,9/2/2023,UMD vs Towson
Terrapin Trail Garage, $20.00 ,9/2/2023,UMD vs Towson
Terrapin Trail Garage, $20.00 ,9/2/2023,UMD vs Towson
Terrapin Trail Garage, $20.00 ,9/2/2023,UMD vs Towson
Terrapin Trail Garage, $20.00 ,9/2/2023,UMD vs Towson
Terrapin Trail Garage, $20.00 ,9/2/2023,UMD vs Towson
Terrapin Trail Garage, $20.00 ,9/2/2023,UMD vs Towson
Terrapin Trail Garage, $20.00 ,9/2/2023,UMD vs Towson
Terrapin Trail Garage, $20.00 ,9/2/2023,UMD vs Towson
Terrapin Trail Garage, $20.00 ,9/2/2023,UMD vs Towson
Terrapin Trail Garage, $20.00 ,9/2/2023,UMD vs Towson
Terrapin Trail Garage, $20.00 ,9/2/2023,UMD vs Towson
Terrapin Trail Garage, $20.00 ,9/2/2023,UMD vs Towson
Terrapin Trail Garage, $20.00 ,9/2/2023,UMD vs Towson
Terrapin Trail Garage, $20.00 ,9/2/2023,UMD vs Towson
Terrapin Trail Garage, $20.00 ,9/2/2023,UMD vs Towson
Terrapin Trail Garage, $20.00 ,9/2/2023,UMD vs Towson
Terrapin Trail Garage, $20.00 ,9/2/2023,UMD vs Towson
Terrapin Trail Garage, $20.00 ,9/2/2023,UMD vs Towson
Terrapin Trail Garage, $20.00 ,9/2/2023,UMD vs Towson
Terrapin Trail Garage, $20.00 ,9/2/2023,UMD vs Towson
Terrapin Trail Garage, $20.00 ,9/2/2023,UMD vs Towson
Terrapin Trail Garage, $20.00 ,9/2/2023,UMD vs Towson
Terrapin Trail Garage, $20.00 ,9/2/2023,UMD vs Towson
Terrapin Trail Garage, $20.00 ,9/2/2023,UMD vs Towson
Terrapin Trail Garage, $20.00 ,9/2/2023,UMD vs Towson
Terrapin Trail Garage, $20.00 ,9/2/2023,UMD vs Towson
Terrapin Trail Garage, $20.00 ,9/2/2023,UMD vs Towson
Terrapin Trail Garage, $20.00 ,9/2/2023,UMD vs Towson
Terrapin Trail Garage, $20.00 ,9/2/2023,UMD vs Towson
Terrapin Trail Garage, $20.00 ,9/2/2023,UMD vs Towson
Terrapin Trail Garage, $20.00 ,9/2/2023,UMD vs Towson
Terrapin Trail Garage, $20.00 ,9/2/2023,UMD vs Towson
Terrapin Trail Garage, $20.00 ,9/2/2023,UMD vs Towson
Terrapin Trail Garage, $20.00 ,9/2/2023,UMD vs Towson
Terrapin Trail Garage, $20.00 ,9/2/2023,UMD vs Towson
Terrapin Trail Garage, $20.00 ,9/2/2023,UMD vs Towson
Terrapin Trail Garage, $20.00 ,9/2/2023,UMD vs Towson
Terrapin Trail Garage, $20.00 ,9/2/2023,UMD vs Towson
Terrapin Trail Garage, $20.00 ,9/2/2023,UMD vs Towson
Terrapin Trail Garage, $20.00 ,9/2/2023,UMD vs Towson
Terrapin Trail Garage, $20.00 ,9/2/2023,UMD vs Towson
Terrapin Trail Garage, $20.00 ,9/2/2023,UMD vs Towson
Terrapin Trail Garage, $20.00 ,9/2/2023,UMD vs Towson
Terrapin Trail Garage, $20.00 ,9/2/2023,UMD vs Towson
Terrapin Trail Garage, $20.00 ,9/2/2023,UMD vs Towson
Terrapin Trail Garage, $20.00 ,9/2/2023,UMD vs Towson
P1 Lot, $20.00 ,9/2/2023,UMD vs Towson
P1 Lot, $20.00 ,9/2/2023,UMD vs Towson
P1 Lot, $20.00 ,9/2/2023,UMD vs Towson
P1 Lot, $20.00 ,9/2/2023,UMD vs Towson
P1 Lot, $20.00 ,9/2/2023,UMD vs Towson
P1 Lot, $20.00 ,9/2/2023,UMD vs Towson
P1 Lot, $20.00 ,9/2/2023,UMD vs Towson
P1 Lot, $20.00 ,9/2/2023,UMD vs Towson
11B Lot, $20.00 ,9/2/2023,UMD vs Towson
11B Lot, $20.00 ,9/2/2023,UMD vs Towson
11B Lot, $20.00 ,9/2/2023,UMD vs Towson
11B Lot, $20.00 ,9/2/2023,UMD vs Towson
11B Lot, $20.00 ,9/2/2023,UMD vs Towson
11B Lot, $20.00 ,9/2/2023,UMD vs Towson
11B Lot, $20.00 ,9/2/2023,UMD vs Towson
11B Lot, $20.00 ,9/2/2023,UMD vs Towson
11B Lot, $20.00 ,9/2/2023,UMD vs Towson
11B Lot, $20.00 ,9/2/2023,UMD vs Towson
11B Lot, $20.00 ,9/2/2023,UMD vs Towson
11B Lot, $20.00 ,9/2/2023,UMD vs Towson
11B Lot, $20.00 ,9/2/2023,UMD vs Towson
11B Lot, $20.00 ,9/2/2023,UMD vs Towson
11B Lot, $20.00 ,9/2/2023,UMD vs Towson
11B Lot, $20.00 ,9/2/2023,UMD vs Towson
11B Lot, $20.00 ,9/2/2023,UMD vs Towson
11B Lot, $20.00 ,9/2/2023,UMD vs Towson
11B Lot, $20.00 ,9/2/2023,UMD vs Towson
11B Lot, $20.00 ,9/2/2023,UMD vs Towson
11B Lot, $20.00 ,9/2/2023,UMD vs Towson
11B Lot, $20.00 ,9/2/2023,UMD vs Towson
11B Lot, $20.00 ,9/2/2023,UMD vs Towson
11B Lot, $20.00 ,9/2/2023,UMD vs Towson
11B Lot, $20.00 ,9/2/2023,UMD vs Towson
11B Lot, $20.00 ,9/2/2023,UMD vs Towson
11B Lot, $20.00 ,9/2/2023,UMD vs Towson
11B Lot, $20.00 ,9/2/2023,UMD vs Towson
11B Lot, $20.00 ,9/2/2023,UMD vs Towson
11B Lot, $20.00 ,9/2/2023,UMD vs Towson
11B Lot, $20.00 ,9/2/2023,UMD vs Towson
11B Lot, $20.00 ,9/2/2023,UMD vs Towson
11B Lot, $20.00 ,9/2/2023,UMD vs Towson
11B Lot, $20.00 ,9/2/2023,UMD vs Towson
11B Lot, $20.00 ,9/2/2023,UMD vs Towson
11B Lot, $20.00 ,9/2/2023,UMD vs Towson
11B Lot, $20.00 ,9/2/2023,UMD vs Towson
11B Lot, $20.00 ,9/2/2023,UMD vs Towson
11B Lot, $20.00 ,9/2/2023,UMD vs Towson
11B Lot, $20.00 ,9/2/2023,UMD vs Towson
11B Lot, $20.00 ,9/2/2023,UMD vs Towson
11B Lot, $20.00 ,9/2/2023,UMD vs Towson
11B Lot, $20.00 ,9/2/2023,UMD vs Towson
11B Lot, $20.00 ,9/2/2023,UMD vs Towson
11B Lot, $20.00 ,9/2/2023,UMD vs Towson
11B Lot, $20.00 ,9/2/2023,UMD vs Towson
11B Lot, $20.00 ,9/2/2023,UMD vs Towson
11B Lot, $20.00 ,9/2/2023,UMD vs Towson
11B Lot, $20.00 ,9/2/2023,UMD vs Towson
11B Lot, $20.00 ,9/2/2023,UMD vs Towson
11B Lot, $20.00 ,9/2/2023,UMD vs Towson
11B Lot, $20.00 ,9/2/2023,UMD vs Towson
11B Lot, $20.00 ,9/2/2023,UMD vs Towson
11B Lot, $20.00 ,9/2/2023,UMD vs Towson
11B Lot, $20.00 ,9/2/2023,UMD vs Towson
Regents Drive Garage, $20.00 ,9/2/2023,UMD vs Towson
Regents Drive Garage, $20.00 ,9/2/2023,UMD vs Towson
Regents Drive Garage, $20.00 ,9/2/2023,UMD vs Towson
Regents Drive Garage, $20.00 ,9/2/2023,UMD vs Towson
Regents Drive Garage, $20.00 ,9/2/2023,UMD vs Towson
Regents Drive Garage, $20.00 ,9/2/2023,UMD vs Towson
Regents Drive Garage, $20.00 ,9/2/2023,UMD vs Towson
Regents Drive Garage, $20.00 ,9/2/2023,UMD vs Towson
Regents Drive Garage, $20.00 ,9/2/2023,UMD vs Towson
Regents Drive Garage, $20.00 ,9/2/2023,UMD vs Towson
Regents Drive Garage, $20.00 ,9/2/2023,UMD vs Towson
Regents Drive Garage, $20.00 ,9/2/2023,UMD vs Towson
Regents Drive Garage, $20.00 ,9/2/2023,UMD vs Towson
Regents Drive Garage, $20.00 ,9/2/2023,UMD vs Towson
Regents Drive Garage, $20.00 ,9/2/2023,UMD vs Towson
Regents Drive Garage, $20.00 ,9/2/2023,UMD vs Towson
Regents Drive Garage, $20.00 ,9/2/2023,UMD vs Towson
Regents Drive Garage, $20.00 ,9/2/2023,UMD vs Towson
Regents Drive Garage, $20.00 ,9/2/2023,UMD vs Towson
Regents Drive Garage, $20.00 ,9/2/2023,UMD vs Towson
Regents Drive Garage, $20.00 ,9/2/2023,UMD vs Towson
Regents Drive Garage, $20.00 ,9/2/2023,UMD vs Towson
Regents Drive Garage, $20.00 ,9/2/2023,UMD vs Towson
Regents Drive Garage, $20.00 ,9/2/2023,UMD vs Towson
Regents Drive Garage, $20.00 ,9/2/2023,UMD vs Towson
Regents Drive Garage, $20.00 ,9/2/2023,UMD vs Towson
Regents Drive Garage, $20.00 ,9/2/2023,UMD vs Towson
Regents Drive Garage, $20.00 ,9/2/2023,UMD vs Towson
Regents Drive Garage, $20.00 ,9/2/2023,UMD vs Towson
Regents Drive Garage, $20.00 ,9/2/2023,UMD vs Towson
Regents Drive Garage, $20.00 ,9/2/2023,UMD vs Towson
Regents Drive Garage, $20.00 ,9/2/2023,UMD vs Towson
Regents Drive Garage, $20.00 ,9/2/2023,UMD vs Towson
Regents Drive Garage, $20.00 ,9/2/2023,UMD vs Towson
Regents Drive Garage, $20.00 ,9/2/2023,UMD vs Towson
Regents Drive Garage, $20.00 ,9/2/2023,UMD vs Towson
Regents Drive Garage, $20.00 ,9/2/2023,UMD vs Towson
Regents Drive Garage, $20.00 ,9/2/2023,UMD vs Towson
Regents Drive Garage, $20.00 ,9/2/2023,UMD vs Towson
Regents Drive Garage, $20.00 ,9/2/2023,UMD vs Towson
Regents Drive Garage, $20.00 ,9/2/2023,UMD vs Towson
Regents Drive Garage, $20.00 ,9/2/2023,UMD vs Towson
Regents Drive Garage, $20.00 ,9/2/2023,UMD vs Towson
Regents Drive Garage, $20.00 ,9/2/2023,UMD vs Towson
Regents Drive Garage, $20.00 ,9/2/2023,UMD vs Towson
Regents Drive Garage, $20.00 ,9/2/2023,UMD vs Towson
Regents Drive Garage, $20.00 ,9/2/2023,UMD vs Towson
Regents Drive Garage, $20.00 ,9/2/2023,UMD vs Towson
Regents Drive Garage, $20.00 ,9/2/2023,UMD vs Towson
Regents Drive Garage, $20.00 ,9/2/2023,UMD vs Towson
Regents Drive Garage, $20.00 ,9/2/2023,UMD vs Towson
Regents Drive Garage, $20.00 ,9/2/2023,UMD vs Towson
Regents Drive Garage, $20.00 ,9/2/2023,UMD vs Towson
Regents Drive Garage, $20.00 ,9/2/2023,UMD vs Towson
Regents Drive Garage, $20.00 ,9/2/2023,UMD vs Towson
Regents Drive Garage, $20.00 ,9/2/2023,UMD vs Towson
Regents Drive Garage, $20.00 ,9/2/2023,UMD vs Towson
Regents Drive Garage, $20.00 ,9/2/2023,UMD vs Towson
Regents Drive Garage, $20.00 ,9/2/2023,UMD vs Towson
Regents Drive Garage, $20.00 ,9/2/2023,UMD vs Towson
Regents Drive Garage, $20.00 ,9/2/2023,UMD vs Towson
Regents Drive Garage, $20.00 ,9/2/2023,UMD vs Towson
Regents Drive Garage, $20.00 ,9/2/2023,UMD vs Towson
Regents Drive Garage, $20.00 ,9/2/2023,UMD vs Towson
Regents Drive Garage, $20.00 ,9/2/2023,UMD vs Towson
Regents Drive Garage, $20.00 ,9/2/2023,UMD vs Towson
Regents Drive Garage, $20.00 ,9/2/2023,UMD vs Towson
Regents Drive Garage, $20.00 ,9/2/2023,UMD vs Towson
Regents Drive Garage, $20.00 ,9/2/2023,UMD vs Towson
Regents Drive Garage, $20.00 ,9/2/2023,UMD vs Towson
Regents Drive Garage, $20.00 ,9/2/2023,UMD vs Towson
Regents Drive Garage, $20.00 ,9/2/2023,UMD vs Towson
Regents Drive Garage, $20.00 ,9/2/2023,UMD vs Towson
Regents Drive Garage, $20.00 ,9/2/2023,UMD vs Towson
Regents Drive Garage, $20.00 ,9/2/2023,UMD vs Towson
Regents Drive Garage, $20.00 ,9/2/2023,UMD vs Towson
Regents Drive Garage, $20.00 ,9/2/2023,UMD vs Towson
Regents Drive Garage, $20.00 ,9/2/2023,UMD vs Towson
Regents Drive Garage, $20.00 ,9/2/2023,UMD vs Towson
Regents Drive Garage, $20.00 ,9/2/2023,UMD vs Towson
Regents Drive Garage, $20.00 ,9/2/2023,UMD vs Towson
Regents Drive Garage, $20.00 ,9/2/2023,UMD vs Towson
Regents Drive Garage, $20.00 ,9/2/2023,UMD vs Towson
Regents Drive Garage, $20.00 ,9/2/2023,UMD vs Towson
Regents Drive Garage, $20.00 ,9/2/2023,UMD vs Towson
Regents Drive Garage, $20.00 ,9/2/2023,UMD vs Towson
Regents Drive Garage, $20.00 ,9/2/2023,UMD vs Towson
Regents Drive Garage, $20.00 ,9/2/2023,UMD vs Towson
Regents Drive Garage, $20.00 ,9/2/2023,UMD vs Towson
Regents Drive Garage, $20.00 ,9/2/2023,UMD vs Towson
Regents Drive Garage, $20.00 ,9/2/2023,UMD vs Towson
Regents Drive Garage, $20.00 ,9/2/2023,UMD vs Towson
Regents Drive Garage, $20.00 ,9/2/2023,UMD vs Towson
Regents Drive Garage, $20.00 ,9/2/2023,UMD vs Towson
Regents Drive Garage, $20.00 ,9/2/2023,UMD vs Towson
Regents Drive Garage, $20.00 ,9/2/2023,UMD vs Towson
Regents Drive Garage, $20.00 ,9/2/2023,UMD vs Towson
Regents Drive Garage, $20.00 ,9/2/2023,UMD vs Towson
Regents Drive Garage, $20.00 ,9/2/2023,UMD vs Towson
Regents Drive Garage, $20.00 ,9/2/2023,UMD vs Towson
Regents Drive Garage, $20.00 ,9/2/2023,UMD vs Towson
Regents Drive Garage, $20.00 ,9/2/2023,UMD vs Towson
Regents Drive Garage, $20.00 ,9/2/2023,UMD vs Towson
Regents Drive Garage, $20.00 ,9/2/2023,UMD vs Towson
Regents Drive Garage, $20.00 ,9/2/2023,UMD vs Towson
Regents Drive Garage, $20.00 ,9/2/2023,UMD vs Towson
Regents Drive Garage, $20.00 ,9/2/2023,UMD vs Towson
Regents Drive Garage, $20.00 ,9/2/2023,UMD vs Towson
Regents Drive Garage, $20.00 ,9/2/2023,UMD vs Towson
Regents Drive Garage, $20.00 ,9/2/2023,UMD vs Towson
Regents Drive Garage, $20.00 ,9/2/2023,UMD vs Towson
Regents Drive Garage, $20.00 ,9/2/2023,UMD vs Towson
Regents Drive Garage, $20.00 ,9/2/2023,UMD vs Towson
Regents Drive Garage, $20.00 ,9/2/2023,UMD vs Towson
Regents Drive Garage, $20.00 ,9/2/2023,UMD vs Towson
Regents Drive Garage, $20.00 ,9/2/2023,UMD vs Towson
Terrapin Trail Garage, $20.00 ,9/2/2023,UMD vs Towson
Terrapin Trail Garage, $20.00 ,9/2/2023,UMD vs Towson
Terrapin Trail Garage, $20.00 ,9/2/2023,UMD vs Towson
Terrapin Trail Garage, $20.00 ,9/2/2023,UMD vs Towson
Terrapin Trail Garage, $20.00 ,9/2/2023,UMD vs Towson
Terrapin Trail Garage, $20.00 ,9/2/2023,UMD vs Towson
Terrapin Trail Garage, $20.00 ,9/2/2023,UMD vs Towson
Terrapin Trail Garage, $20.00 ,9/2/2023,UMD vs Towson
Terrapin Trail Garage, $20.00 ,9/2/2023,UMD vs Towson
Terrapin Trail Garage, $20.00 ,9/2/2023,UMD vs Towson
Terrapin Trail Garage, $20.00 ,9/2/2023,UMD vs Towson
Terrapin Trail Garage, $20.00 ,9/2/2023,UMD vs Towson
Terrapin Trail Garage, $20.00 ,9/2/2023,UMD vs Towson
Terrapin Trail Garage, $20.00 ,9/2/2023,UMD vs Towson
Terrapin Trail Garage, $20.00 ,9/2/2023,UMD vs Towson
Terrapin Trail Garage, $20.00 ,9/2/2023,UMD vs Towson
Terrapin Trail Garage, $20.00 ,9/2/2023,UMD vs Towson
Terrapin Trail Garage, $20.00 ,9/2/2023,UMD vs Towson
Terrapin Trail Garage, $20.00 ,9/2/2023,UMD vs Towson
Terrapin Trail Garage, $20.00 ,9/2/2023,UMD vs Towson
Terrapin Trail Garage, $20.00 ,9/2/2023,UMD vs Towson
Terrapin Trail Garage, $20.00 ,9/2/2023,UMD vs Towson
Terrapin Trail Garage, $20.00 ,9/2/2023,UMD vs Towson
Terrapin Trail Garage, $20.00 ,9/2/2023,UMD vs Towson
Terrapin Trail Garage, $20.00 ,9/2/2023,UMD vs Towson
Terrapin Trail Garage, $20.00 ,9/2/2023,UMD vs Towson
Terrapin Trail Garage, $20.00 ,9/2/2023,UMD vs Towson
Terrapin Trail Garage, $20.00 ,9/2/2023,UMD vs Towson
Terrapin Trail Garage, $20.00 ,9/2/2023,UMD vs Towson
Terrapin Trail Garage, $20.00 ,9/2/2023,UMD vs Towson
Terrapin Trail Garage, $20.00 ,9/2/2023,UMD vs Towson
Terrapin Trail Garage, $20.00 ,9/2/2023,UMD vs Towson
Terrapin Trail Garage, $20.00 ,9/2/2023,UMD vs Towson
Terrapin Trail Garage, $20.00 ,9/2/2023,UMD vs Towson
Terrapin Trail Garage, $20.00 ,9/2/2023,UMD vs Towson
Terrapin Trail Garage, $20.00 ,9/2/2023,UMD vs Towson
Terrapin Trail Garage, $20.00 ,9/2/2023,UMD vs Towson
Terrapin Trail Garage, $20.00 ,9/2/2023,UMD vs Towson
Terrapin Trail Garage, $20.00 ,9/2/2023,UMD vs Towson
Terrapin Trail Garage, $20.00 ,9/2/2023,UMD vs Towson
Terrapin Trail Garage, $20.00 ,9/2/2023,UMD vs Towson
P1 Lot, $20.00 ,9/2/2023,UMD vs Towson
11B Lot, $20.00 ,9/2/2023,UMD vs Towson
11B Lot, $20.00 ,9/2/2023,UMD vs Towson
11B Lot, $20.00 ,9/2/2023,UMD vs Towson
11B Lot, $20.00 ,9/2/2023,UMD vs Towson
11B Lot, $20.00 ,9/2/2023,UMD vs Towson
11B Lot, $20.00 ,9/2/2023,UMD vs Towson
11B Lot, $20.00 ,9/2/2023,UMD vs Towson
11B Lot, $20.00 ,9/2/2023,UMD vs Towson
11B Lot, $20.00 ,9/2/2023,UMD vs Towson
11B Lot, $20.00 ,9/2/2023,UMD vs Towson
11B Lot, $20.00 ,9/2/2023,UMD vs Towson
11B Lot, $20.00 ,9/2/2023,UMD vs Towson
11B Lot, $20.00 ,9/2/2023,UMD vs Towson
11B Lot, $20.00 ,9/2/2023,UMD vs Towson
11B Lot, $20.00 ,9/2/2023,UMD vs Towson
11B Lot, $20.00 ,9/2/2023,UMD vs Towson
11B Lot, $20.00 ,9/2/2023,UMD vs Towson
11B Lot, $20.00 ,9/2/2023,UMD vs Towson
11B Lot, $20.00 ,9/2/2023,UMD vs Towson
11B Lot, $20.00 ,9/2/2023,UMD vs Towson
11B Lot, $20.00 ,9/2/2023,UMD vs Towson
11B Lot, $20.00 ,9/2/2023,UMD vs Towson
11B Lot, $20.00 ,9/2/2023,UMD vs Towson
11B Lot, $20.00 ,9/2/2023,UMD vs Towson
11B Lot, $20.00 ,9/2/2023,UMD vs Towson
11B Lot, $20.00 ,9/2/2023,UMD vs Towson
11B Lot, $20.00 ,9/2/2023,UMD vs Towson
11B Lot, $20.00 ,9/2/2023,UMD vs Towson
11B Lot, $20.00 ,9/2/2023,UMD vs Towson
11B Lot, $20.00 ,9/2/2023,UMD vs Towson
11B Lot, $20.00 ,9/2/2023,UMD vs Towson
11B Lot, $20.00 ,9/2/2023,UMD vs Towson
11B Lot, $20.00 ,9/2/2023,UMD vs Towson
11B Lot, $20.00 ,9/2/2023,UMD vs Towson
11B Lot, $20.00 ,9/2/2023,UMD vs Towson
11B Lot, $20.00 ,9/2/2023,UMD vs Towson
11B Lot, $20.00 ,9/2/2023,UMD vs Towson
11B Lot, $20.00 ,9/2/2023,UMD vs Towson
11B Lot, $20.00 ,9/2/2023,UMD vs Towson
MV Lot, $20.00 ,9/2/2023,UMD vs Towson
MV Lot, $20.00 ,9/2/2023,UMD vs Towson
MV Lot, $20.00 ,9/2/2023,UMD vs Towson
MV Lot, $20.00 ,9/2/2023,UMD vs Towson
MV Lot, $20.00 ,9/2/2023,UMD vs Towson
MV Lot, $20.00 ,9/2/2023,UMD vs Towson
MV Lot, $-   ,9/2/2023,UMD vs Towson
MV Lot, $20.00 ,9/2/2023,UMD vs Towson
GG1 Lot, $20.00 ,9/2/2023,UMD vs Towson
GG1 Lot, $-   ,9/2/2023,UMD vs Towson
GG1 Lot, $20.00 ,9/2/2023,UMD vs Towson
GG1 Lot, $20.00 ,9/2/2023,UMD vs Towson
GG1 Lot, $20.00 ,9/2/2023,UMD vs Towson
GG1 Lot, $20.00 ,9/2/2023,UMD vs Towson
GG1 Lot, $20.00 ,9/2/2023,UMD vs Towson
GG1 Lot, $20.00 ,9/2/2023,UMD vs Towson
4B Lot, $20.00 ,9/2/2023,UMD vs Towson
4B Lot, $20.00 ,9/2/2023,UMD vs Towson
4B Lot, $20.00 ,9/2/2023,UMD vs Towson
4B Lot, $20.00 ,9/2/2023,UMD vs Towson
4B Lot, $20.00 ,9/2/2023,UMD vs Towson
4B Lot, $20.00 ,9/2/2023,UMD vs Towson
4B Lot, $20.00 ,9/2/2023,UMD vs Towson
4B Lot, $20.00 ,9/2/2023,UMD vs Towson
4B Lot, $20.00 ,9/2/2023,UMD vs Towson
4B Lot, $20.00 ,9/2/2023,UMD vs Towson
4B Lot, $20.00 ,9/2/2023,UMD vs Towson
4B Lot, $20.00 ,9/2/2023,UMD vs Towson
4B Lot, $20.00 ,9/2/2023,UMD vs Towson
4B Lot, $20.00 ,9/2/2023,UMD vs Towson
4B Lot, $20.00 ,9/2/2023,UMD vs Towson
4B Lot, $20.00 ,9/2/2023,UMD vs Towson
4B Lot, $-   ,9/2/2023,UMD vs Towson
4B Lot, $20.00 ,9/2/2023,UMD vs Towson
L Lot, $20.00 ,9/2/2023,UMD vs Towson
L Lot, $20.00 ,9/2/2023,UMD vs Towson
L Lot, $20.00 ,9/2/2023,UMD vs Towson
L Lot, $20.00 ,9/2/2023,UMD vs Towson
L Lot, $20.00 ,9/2/2023,UMD vs Towson
L Lot, $20.00 ,9/2/2023,UMD vs Towson
L Lot, $20.00 ,9/2/2023,UMD vs Towson
L Lot, $20.00 ,9/2/2023,UMD vs Towson
L Lot, $20.00 ,9/2/2023,UMD vs Towson
PH Lot, $20.00 ,9/2/2023,UMD vs Towson
PH Lot, $20.00 ,9/2/2023,UMD vs Towson
PH Lot, $20.00 ,9/2/2023,UMD vs Towson
PH Lot, $20.00 ,9/2/2023,UMD vs Towson
PH Lot, $20.00 ,9/2/2023,UMD vs Towson
PH Lot, $20.00 ,9/2/2023,UMD vs Towson
PH Lot, $20.00 ,9/2/2023,UMD vs Towson
PH Lot, $20.00 ,9/2/2023,UMD vs Towson
PH Lot, $20.00 ,9/2/2023,UMD vs Towson
PH Lot, $20.00 ,9/2/2023,UMD vs Towson
PH Lot, $20.00 ,9/2/2023,UMD vs Towson
PH Lot, $20.00 ,9/2/2023,UMD vs Towson
PH Lot, $20.00 ,9/2/2023,UMD vs Towson
PH Lot, $20.00 ,9/2/2023,UMD vs Towson
XX1/XVL, $20.00 ,9/2/2023,UMD vs Towson
XX1/XVL, $20.00 ,9/2/2023,UMD vs Towson
XX1/XVL, $20.00 ,9/2/2023,UMD vs Towson
XX1/XVL, $20.00 ,9/2/2023,UMD vs Towson
XX1/XVL, $20.00 ,9/2/2023,UMD vs Towson
XX1/XVL, $20.00 ,9/2/2023,UMD vs Towson
XX1/XVL, $20.00 ,9/2/2023,UMD vs Towson
XX1/XVL, $20.00 ,9/2/2023,UMD vs Towson
XX1/XVL, $20.00 ,9/2/2023,UMD vs Towson
XX1/XVL, $20.00 ,9/2/2023,UMD vs Towson
XX1/XVL, $20.00 ,9/2/2023,UMD vs Towson
XX1/XVL, $20.00 ,9/2/2023,UMD vs Towson
XX1/XVL, $20.00 ,9/2/2023,UMD vs Towson
XX1/XVL, $20.00 ,9/2/2023,UMD vs Towson
XX1/XVL, $20.00 ,9/2/2023,UMD vs Towson
XX1/XVL, $20.00 ,9/2/2023,UMD vs Towson
XX1/XVL, $20.00 ,9/2/2023,UMD vs Towson
XX1/XVL, $20.00 ,9/2/2023,UMD vs Towson
XX1/XVL, $20.00 ,9/2/2023,UMD vs Towson
XX1/XVL, $20.00 ,9/2/2023,UMD vs Towson
4B Lot, $20.00 ,9/2/2023,UMD vs Towson
4B Lot, $20.00 ,9/2/2023,UMD vs Towson
4B Lot, $20.00 ,9/2/2023,UMD vs Towson
4B Lot, $20.00 ,9/2/2023,UMD vs Towson
4B Lot, $20.00 ,9/2/2023,UMD vs Towson
4B Lot, $20.00 ,9/2/2023,UMD vs Towson
4B Lot, $20.00 ,9/2/2023,UMD vs Towson
4B Lot, $20.00 ,9/2/2023,UMD vs Towson
4B Lot, $20.00 ,9/2/2023,UMD vs Towson
4B Lot, $20.00 ,9/2/2023,UMD vs Towson
L Lot, $20.00 ,9/2/2023,UMD vs Towson
L Lot, $20.00 ,9/2/2023,UMD vs Towson
PH Lot, $20.00 ,9/2/2023,UMD vs Towson
PH Lot, $20.00 ,9/2/2023,UMD vs Towson
PH Lot, $20.00 ,9/2/2023,UMD vs Towson
XX1/XVL, $20.00 ,9/2/2023,UMD vs Towson
XX1/XVL, $20.00 ,9/2/2023,UMD vs Towson
XX1/XVL, $20.00 ,9/2/2023,UMD vs Towson
XX1/XVL, $20.00 ,9/2/2023,UMD vs Towson
XX1/XVL, $20.00 ,9/2/2023,UMD vs Towson
XX1/XVL, $20.00 ,9/2/2023,UMD vs Towson
XX1/XVL, $20.00 ,9/2/2023,UMD vs Towson
XX1/XVL, $20.00 ,9/2/2023,UMD vs Towson
XX1/XVL, $20.00 ,9/2/2023,UMD vs Towson
Regents Drive Garage, $20.00 ,9/2/2023,UMD vs Towson
Regents Drive Garage, $20.00 ,9/2/2023,UMD vs Towson
Regents Drive Garage, $20.00 ,9/2/2023,UMD vs Towson
Regents Drive Garage, $20.00 ,9/2/2023,UMD vs Towson
Regents Drive Garage, $20.00 ,9/2/2023,UMD vs Towson
Regents Drive Garage, $20.00 ,9/2/2023,UMD vs Towson
Regents Drive Garage, $20.00 ,9/2/2023,UMD vs Towson
Regents Drive Garage, $20.00 ,9/2/2023,UMD vs Towson
Regents Drive Garage, $20.00 ,9/2/2023,UMD vs Towson
Regents Drive Garage, $20.00 ,9/2/2023,UMD vs Towson
Regents Drive Garage, $20.00 ,9/2/2023,UMD vs Towson
Regents Drive Garage, $20.00 ,9/2/2023,UMD vs Towson
Regents Drive Garage, $20.00 ,9/2/2023,UMD vs Towson
Regents Drive Garage, $20.00 ,9/2/2023,UMD vs Towson
Regents Drive Garage, $20.00 ,9/2/2023,UMD vs Towson
Regents Drive Garage, $20.00 ,9/2/2023,UMD vs Towson
Regents Drive Garage, $20.00 ,9/2/2023,UMD vs Towson
Regents Drive Garage, $20.00 ,9/2/2023,UMD vs Towson
Regents Drive Garage, $20.00 ,9/2/2023,UMD vs Towson
Regents Drive Garage, $20.00 ,9/2/2023,UMD vs Towson
Regents Drive Garage, $20.00 ,9/2/2023,UMD vs Towson
Regents Drive Garage, $20.00 ,9/2/2023,UMD vs Towson
Regents Drive Garage, $20.00 ,9/2/2023,UMD vs Towson
Regents Drive Garage, $20.00 ,9/2/2023,UMD vs Towson
Regents Drive Garage, $20.00 ,9/2/2023,UMD vs Towson
Regents Drive Garage, $20.00 ,9/2/2023,UMD vs Towson
Regents Drive Garage, $20.00 ,9/2/2023,UMD vs Towson
Regents Drive Garage, $20.00 ,9/2/2023,UMD vs Towson
Regents Drive Garage, $20.00 ,9/2/2023,UMD vs Towson
Regents Drive Garage, $20.00 ,9/2/2023,UMD vs Towson
Regents Drive Garage, $20.00 ,9/2/2023,UMD vs Towson
Regents Drive Garage, $20.00 ,9/2/2023,UMD vs Towson
Regents Drive Garage, $20.00 ,9/2/2023,UMD vs Towson
Regents Drive Garage, $20.00 ,9/2/2023,UMD vs Towson
Regents Drive Garage, $20.00 ,9/2/2023,UMD vs Towson
Regents Drive Garage, $20.00 ,9/2/2023,UMD vs Towson
Regents Drive Garage, $20.00 ,9/2/2023,UMD vs Towson
Regents Drive Garage, $20.00 ,9/2/2023,UMD vs Towson
Regents Drive Garage, $20.00 ,9/2/2023,UMD vs Towson
Regents Drive Garage, $20.00 ,9/2/2023,UMD vs Towson
Regents Drive Garage, $20.00 ,9/2/2023,UMD vs Towson
P2 Lot, $20.00 ,9/2/2023,UMD vs Towson
Terrapin Trail Garage, $20.00 ,9/2/2023,UMD vs Towson
Terrapin Trail Garage, $20.00 ,9/2/2023,UMD vs Towson
Terrapin Trail Garage, $20.00 ,9/2/2023,UMD vs Towson
Terrapin Trail Garage, $20.00 ,9/2/2023,UMD vs Towson
Terrapin Trail Garage, $20.00 ,9/2/2023,UMD vs Towson
Terrapin Trail Garage, $20.00 ,9/2/2023,UMD vs Towson
Terrapin Trail Garage, $20.00 ,9/2/2023,UMD vs Towson
Terrapin Trail Garage, $20.00 ,9/2/2023,UMD vs Towson
Terrapin Trail Garage, $20.00 ,9/2/2023,UMD vs Towson
Terrapin Trail Garage, $20.00 ,9/2/2023,UMD vs Towson
Terrapin Trail Garage, $20.00 ,9/2/2023,UMD vs Towson
Terrapin Trail Garage, $20.00 ,9/2/2023,UMD vs Towson
11B Lot, $20.00 ,9/2/2023,UMD vs Towson
11B Lot, $20.00 ,9/2/2023,UMD vs Towson
11B Lot, $20.00 ,9/2/2023,UMD vs Towson
11B Lot, $20.00 ,9/2/2023,UMD vs Towson
11B Lot, $20.00 ,9/2/2023,UMD vs Towson
11B Lot, $20.00 ,9/2/2023,UMD vs Towson
11B Lot, $20.00 ,9/2/2023,UMD vs Towson
11B Lot, $20.00 ,9/2/2023,UMD vs Towson
11B Lot, $20.00 ,9/2/2023,UMD vs Towson
11B Lot, $20.00 ,9/2/2023,UMD vs Towson
11B Lot, $20.00 ,9/2/2023,UMD vs Towson
11B Lot, $20.00 ,9/2/2023,UMD vs Towson
11B Lot, $20.00 ,9/2/2023,UMD vs Towson
11B Lot, $20.00 ,9/2/2023,UMD vs Towson
11B Lot, $20.00 ,9/2/2023,UMD vs Towson
11B Lot, $20.00 ,9/2/2023,UMD vs Towson
11B Lot, $20.00 ,9/2/2023,UMD vs Towson
11B Lot, $20.00 ,9/2/2023,UMD vs Towson
11B Lot, $20.00 ,9/2/2023,UMD vs Towson
11B Lot, $20.00 ,9/2/2023,UMD vs Towson
MV Lot, $20.00 ,9/2/2023,UMD vs Towson
MV Lot, $20.00 ,9/2/2023,UMD vs Towson
MV Lot, $20.00 ,9/2/2023,UMD vs Towson
MV Lot, $20.00 ,9/2/2023,UMD vs Towson
MV Lot, $20.00 ,9/2/2023,UMD vs Towson
MV Lot, $20.00 ,9/2/2023,UMD vs Towson
Regents Drive Garage, $20.00 ,9/2/2023,UMD vs Towson
Regents Drive Garage, $20.00 ,9/2/2023,UMD vs Towson
Regents Drive Garage, $20.00 ,9/2/2023,UMD vs Towson
Regents Drive Garage, $20.00 ,9/2/2023,UMD vs Towson
Regents Drive Garage, $20.00 ,9/2/2023,UMD vs Towson
Regents Drive Garage, $20.00 ,9/2/2023,UMD vs Towson
Regents Drive Garage, $20.00 ,9/2/2023,UMD vs Towson
Regents Drive Garage, $20.00 ,9/2/2023,UMD vs Towson
Regents Drive Garage, $20.00 ,9/2/2023,UMD vs Towson
Regents Drive Garage, $20.00 ,9/2/2023,UMD vs Towson
Regents Drive Garage, $20.00 ,9/2/2023,UMD vs Towson
Regents Drive Garage, $20.00 ,9/2/2023,UMD vs Towson
Regents Drive Garage, $20.00 ,9/2/2023,UMD vs Towson
Regents Drive Garage, $20.00 ,9/2/2023,UMD vs Towson
Regents Drive Garage, $20.00 ,9/2/2023,UMD vs Towson
Regents Drive Garage, $20.00 ,9/2/2023,UMD vs Towson
Regents Drive Garage, $20.00 ,9/2/2023,UMD vs Towson
Regents Drive Garage, $20.00 ,9/2/2023,UMD vs Towson
Regents Drive Garage, $20.00 ,9/2/2023,UMD vs Towson
Regents Drive Garage, $20.00 ,9/2/2023,UMD vs Towson
Terrapin Trail Garage, $20.00 ,9/2/2023,UMD vs Towson
Terrapin Trail Garage, $20.00 ,9/2/2023,UMD vs Towson
Terrapin Trail Garage, $20.00 ,9/2/2023,UMD vs Towson
Terrapin Trail Garage, $20.00 ,9/2/2023,UMD vs Towson
Terrapin Trail Garage, $20.00 ,9/2/2023,UMD vs Towson
Terrapin Trail Garage, $20.00 ,9/2/2023,UMD vs Towson
Terrapin Trail Garage, $20.00 ,9/2/2023,UMD vs Towson
Terrapin Trail Garage, $20.00 ,9/2/2023,UMD vs Towson
Terrapin Trail Garage, $20.00 ,9/2/2023,UMD vs Towson
FF2 Lot, $20.00 ,9/2/2023,UMD vs Towson
FF2 Lot, $20.00 ,9/2/2023,UMD vs Towson
FF2 Lot, $20.00 ,9/2/2023,UMD vs Towson
11B Lot, $20.00 ,9/2/2023,UMD vs Towson
11B Lot, $20.00 ,9/2/2023,UMD vs Towson
11B Lot, $20.00 ,9/2/2023,UMD vs Towson
11B Lot, $20.00 ,9/2/2023,UMD vs Towson
11B Lot, $20.00 ,9/2/2023,UMD vs Towson
11B Lot, $20.00 ,9/2/2023,UMD vs Towson
11B Lot, $20.00 ,9/2/2023,UMD vs Towson
11B Lot, $20.00 ,9/2/2023,UMD vs Towson
MV Lot, $20.00 ,9/2/2023,UMD vs Towson
MV Lot, $20.00 ,9/2/2023,UMD vs Towson
MV Lot, $20.00 ,9/2/2023,UMD vs Towson
MV Lot, $20.00 ,9/2/2023,UMD vs Towson
MV Lot, $20.00 ,9/2/2023,UMD vs Towson
MV Lot, $20.00 ,9/2/2023,UMD vs Towson
MV Lot, $20.00 ,9/2/2023,UMD vs Towson
MV Lot, $20.00 ,9/2/2023,UMD vs Towson
GG1 Lot, $20.00 ,9/2/2023,UMD vs Towson
GG1 Lot, $20.00 ,9/2/2023,UMD vs Towson
4B Lot, $20.00 ,9/2/2023,UMD vs Towson
4B Lot, $20.00 ,9/2/2023,UMD vs Towson
4B Lot, $20.00 ,9/2/2023,UMD vs Towson
4B Lot, $20.00 ,9/2/2023,UMD vs Towson
4B Lot, $20.00 ,9/2/2023,UMD vs Towson
4B Lot, $20.00 ,9/2/2023,UMD vs Towson
4B Lot, $20.00 ,9/2/2023,UMD vs Towson
4B Lot, $20.00 ,9/2/2023,UMD vs Towson
4B Lot, $20.00 ,9/2/2023,UMD vs Towson
4B Lot, $20.00 ,9/2/2023,UMD vs Towson
4B Lot, $20.00 ,9/2/2023,UMD vs Towson
4B Lot, $20.00 ,9/2/2023,UMD vs Towson
4B Lot, $20.00 ,9/2/2023,UMD vs Towson
4B Lot, $20.00 ,9/2/2023,UMD vs Towson
4B Lot, $20.00 ,9/2/2023,UMD vs Towson
4B Lot, $20.00 ,9/2/2023,UMD vs Towson
4B Lot, $20.00 ,9/2/2023,UMD vs Towson
L Lot, $20.00 ,9/2/2023,UMD vs Towson
PH Lot, $20.00 ,9/2/2023,UMD vs Towson
XX1/XVL, $20.00 ,9/2/2023,UMD vs Towson
XX1/XVL, $20.00 ,9/2/2023,UMD vs Towson
XX1/XVL, $20.00 ,9/2/2023,UMD vs Towson
XX1/XVL, $20.00 ,9/2/2023,UMD vs Towson
XX1/XVL, $20.00 ,9/2/2023,UMD vs Towson
XX1/XVL, $20.00 ,9/2/2023,UMD vs Towson
XX1/XVL, $20.00 ,9/2/2023,UMD vs Towson
XX1/XVL, $20.00 ,9/2/2023,UMD vs Towson
XX1/XVL, $20.00 ,9/2/2023,UMD vs Towson
GG1 Lot, $20.00 ,9/2/2023,UMD vs Towson
GG1 Lot, $20.00 ,9/2/2023,UMD vs Towson
GG1 Lot, $20.00 ,9/2/2023,UMD vs Towson
GG1 Lot, $20.00 ,9/2/2023,UMD vs Towson
4B Lot, $20.00 ,9/2/2023,UMD vs Towson
4B Lot, $20.00 ,9/2/2023,UMD vs Towson
4B Lot, $20.00 ,9/2/2023,UMD vs Towson
4B Lot, $20.00 ,9/2/2023,UMD vs Towson
4B Lot, $20.00 ,9/2/2023,UMD vs Towson
4B Lot, $20.00 ,9/2/2023,UMD vs Towson
4B Lot, $20.00 ,9/2/2023,UMD vs Towson
4B Lot, $20.00 ,9/2/2023,UMD vs Towson
11B-RV, $80.00 ,9/2/2023,UMD vs Towson
CC1 Lot, $20.00 ,9/2/2023,UMD vs Towson
CC1 Lot, $20.00 ,9/2/2023,UMD vs Towson
CC1 Lot, $20.00 ,9/2/2023,UMD vs Towson
CC1 Lot, $20.00 ,9/2/2023,UMD vs Towson
L Lot, $20.00 ,9/2/2023,UMD vs Towson
PH Lot, $20.00 ,9/2/2023,UMD vs Towson
PH Lot, $20.00 ,9/2/2023,UMD vs Towson
PH Lot, $20.00 ,9/2/2023,UMD vs Towson
XX1/XVL, $20.00 ,9/2/2023,UMD vs Towson
XX1/XVL, $20.00 ,9/2/2023,UMD vs Towson
XX1/XVL, $20.00 ,9/2/2023,UMD vs Towson
XX1/XVL, $20.00 ,9/2/2023,UMD vs Towson
Regents Drive Garage, $20.00 ,9/2/2023,UMD vs Towson
Regents Drive Garage, $20.00 ,9/2/2023,UMD vs Towson
Regents Drive Garage, $20.00 ,9/2/2023,UMD vs Towson
Regents Drive Garage, $20.00 ,9/2/2023,UMD vs Towson
Regents Drive Garage, $20.00 ,9/2/2023,UMD vs Towson
Regents Drive Garage, $20.00 ,9/2/2023,UMD vs Towson
Regents Drive Garage, $20.00 ,9/2/2023,UMD vs Towson
Regents Drive Garage, $20.00 ,9/2/2023,UMD vs Towson
Regents Drive Garage, $20.00 ,9/2/2023,UMD vs Towson
Regents Drive Garage, $20.00 ,9/2/2023,UMD vs Towson
Regents Drive Garage, $20.00 ,9/2/2023,UMD vs Towson
Regents Drive Garage, $20.00 ,9/2/2023,UMD vs Towson
Regents Drive Garage, $20.00 ,9/2/2023,UMD vs Towson
Regents Drive Garage, $20.00 ,9/2/2023,UMD vs Towson
Regents Drive Garage, $20.00 ,9/2/2023,UMD vs Towson
Terrapin Trail Garage, $20.00 ,9/2/2023,UMD vs Towson
Terrapin Trail Garage, $20.00 ,9/2/2023,UMD vs Towson
Terrapin Trail Garage, $20.00 ,9/2/2023,UMD vs Towson
Terrapin Trail Garage, $20.00 ,9/2/2023,UMD vs Towson
Terrapin Trail Garage, $20.00 ,9/2/2023,UMD vs Towson
Terrapin Trail Garage, $20.00 ,9/2/2023,UMD vs Towson
FF2 Lot, $20.00 ,9/2/2023,UMD vs Towson
FF2 Lot, $20.00 ,9/2/2023,UMD vs Towson
P1 Lot, $20.00 ,9/2/2023,UMD vs Towson
11B Lot, $20.00 ,9/2/2023,UMD vs Towson
11B Lot, $20.00 ,9/2/2023,UMD vs Towson
11B Lot, $20.00 ,9/2/2023,UMD vs Towson
11B Lot, $20.00 ,9/2/2023,UMD vs Towson
11B Lot, $20.00 ,9/2/2023,UMD vs Towson
11B Lot, $20.00 ,9/2/2023,UMD vs Towson
11B Lot, $20.00 ,9/2/2023,UMD vs Towson
MV Lot, $20.00 ,9/2/2023,UMD vs Towson
MV Lot, $20.00 ,9/2/2023,UMD vs Towson
Regents Drive Garage, $20.00 ,9/2/2023,UMD vs Towson
Regents Drive Garage, $20.00 ,9/2/2023,UMD vs Towson
Regents Drive Garage, $20.00 ,9/2/2023,UMD vs Towson
Regents Drive Garage, $20.00 ,9/2/2023,UMD vs Towson
Regents Drive Garage, $20.00 ,9/2/2023,UMD vs Towson
Regents Drive Garage, $20.00 ,9/2/2023,UMD vs Towson
Regents Drive Garage, $20.00 ,9/2/2023,UMD vs Towson
Regents Drive Garage, $20.00 ,9/2/2023,UMD vs Towson
Regents Drive Garage, $20.00 ,9/2/2023,UMD vs Towson
Regents Drive Garage, $20.00 ,9/2/2023,UMD vs Towson
Regents Drive Garage, $20.00 ,9/2/2023,UMD vs Towson
Regents Drive Garage, $20.00 ,9/2/2023,UMD vs Towson
Regents Drive Garage, $20.00 ,9/2/2023,UMD vs Towson
Regents Drive Garage, $20.00 ,9/2/2023,UMD vs Towson
Regents Drive Garage, $20.00 ,9/2/2023,UMD vs Towson
Regents Drive Garage, $20.00 ,9/2/2023,UMD vs Towson
Regents Drive Garage, $20.00 ,9/2/2023,UMD vs Towson
Regents Drive Garage, $20.00 ,9/2/2023,UMD vs Towson
Regents Drive Garage, $20.00 ,9/2/2023,UMD vs Towson
Regents Drive Garage, $20.00 ,9/2/2023,UMD vs Towson
Regents Drive Garage, $20.00 ,9/2/2023,UMD vs Towson
Regents Drive Garage, $20.00 ,9/2/2023,UMD vs Towson
Terrapin Trail Garage, $20.00 ,9/2/2023,UMD vs Towson
Terrapin Trail Garage, $20.00 ,9/2/2023,UMD vs Towson
Terrapin Trail Garage, $20.00 ,9/2/2023,UMD vs Towson
Terrapin Trail Garage, $20.00 ,9/2/2023,UMD vs Towson
Terrapin Trail Garage, $20.00 ,9/2/2023,UMD vs Towson
Terrapin Trail Garage, $20.00 ,9/2/2023,UMD vs Towson
Terrapin Trail Garage, $20.00 ,9/2/2023,UMD vs Towson
Terrapin Trail Garage, $20.00 ,9/2/2023,UMD vs Towson
11B Lot, $20.00 ,9/2/2023,UMD vs Towson
11B Lot, $20.00 ,9/2/2023,UMD vs Towson
11B Lot, $20.00 ,9/2/2023,UMD vs Towson
11B Lot, $20.00 ,9/2/2023,UMD vs Towson
11B Lot, $20.00 ,9/2/2023,UMD vs Towson
11B Lot, $20.00 ,9/2/2023,UMD vs Towson
11B Lot, $20.00 ,9/2/2023,UMD vs Towson
11B Lot, $20.00 ,9/2/2023,UMD vs Towson
11B Lot, $20.00 ,9/2/2023,UMD vs Towson
11B Lot, $20.00 ,9/2/2023,UMD vs Towson
11B Lot, $20.00 ,9/2/2023,UMD vs Towson
11B Lot, $20.00 ,9/2/2023,UMD vs Towson
MV Lot, $20.00 ,9/2/2023,UMD vs Towson
MV Lot, $20.00 ,9/2/2023,UMD vs Towson
MV Lot, $20.00 ,9/2/2023,UMD vs Towson
4B Lot, $20.00 ,9/2/2023,UMD vs Towson
4B Lot, $20.00 ,9/2/2023,UMD vs Towson
4B Lot, $20.00 ,9/2/2023,UMD vs Towson
4B Lot, $20.00 ,9/2/2023,UMD vs Towson
4B Lot, $20.00 ,9/2/2023,UMD vs Towson
4B Lot, $20.00 ,9/2/2023,UMD vs Towson
4B Lot, $20.00 ,9/2/2023,UMD vs Towson
4B Lot, $20.00 ,9/2/2023,UMD vs Towson
4B Lot, $20.00 ,9/2/2023,UMD vs Towson
4B Lot, $20.00 ,9/2/2023,UMD vs Towson
4B Lot, $20.00 ,9/2/2023,UMD vs Towson
4B Lot, $20.00 ,9/2/2023,UMD vs Towson
4B Lot, $20.00 ,9/2/2023,UMD vs Towson
A Lot, $20.00 ,9/2/2023,UMD vs Towson
CC1 Lot, $20.00 ,9/2/2023,UMD vs Towson
CC1 Lot, $20.00 ,9/2/2023,UMD vs Towson
L Lot, $20.00 ,9/2/2023,UMD vs Towson
L Lot, $20.00 ,9/2/2023,UMD vs Towson
XX1/XVL, $20.00 ,9/2/2023,UMD vs Towson
XX1/XVL, $20.00 ,9/2/2023,UMD vs Towson
XX1/XVL, $20.00 ,9/2/2023,UMD vs Towson
XX1/XVL, $20.00 ,9/2/2023,UMD vs Towson
XX1/XVL, $20.00 ,9/2/2023,UMD vs Towson
XX1/XVL, $20.00 ,9/2/2023,UMD vs Towson
4B Lot, $20.00 ,9/2/2023,UMD vs Towson
4B Lot, $20.00 ,9/2/2023,UMD vs Towson
4B Lot, $20.00 ,9/2/2023,UMD vs Towson
4B Lot, $20.00 ,9/2/2023,UMD vs Towson
11B-RV, $80.00 ,9/2/2023,UMD vs Towson
A Lot, $20.00 ,9/2/2023,UMD vs Towson
A Lot, $20.00 ,9/2/2023,UMD vs Towson
A Lot, $20.00 ,9/2/2023,UMD vs Towson
A Lot, $20.00 ,9/2/2023,UMD vs Towson
A Lot, $20.00 ,9/2/2023,UMD vs Towson
CC1 Lot, $20.00 ,9/2/2023,UMD vs Towson
CC1 Lot, $20.00 ,9/2/2023,UMD vs Towson
CC1 Lot, $20.00 ,9/2/2023,UMD vs Towson
CC1 Lot, $20.00 ,9/2/2023,UMD vs Towson
L Lot, $20.00 ,9/2/2023,UMD vs Towson
L Lot, $20.00 ,9/2/2023,UMD vs Towson
PH Lot, $20.00 ,9/2/2023,UMD vs Towson
XX1/XVL, $20.00 ,9/2/2023,UMD vs Towson
XX1/XVL, $20.00 ,9/2/2023,UMD vs Towson
XX1/XVL, $20.00 ,9/2/2023,UMD vs Towson
XX1/XVL, $20.00 ,9/2/2023,UMD vs Towson
Regents Drive Garage, $20.00 ,9/2/2023,UMD vs Towson
Regents Drive Garage, $20.00 ,9/2/2023,UMD vs Towson
Regents Drive Garage, $20.00 ,9/2/2023,UMD vs Towson
Regents Drive Garage, $20.00 ,9/2/2023,UMD vs Towson
Regents Drive Garage, $20.00 ,9/2/2023,UMD vs Towson
Regents Drive Garage, $20.00 ,9/2/2023,UMD vs Towson
Regents Drive Garage, $20.00 ,9/2/2023,UMD vs Towson
Regents Drive Garage, $20.00 ,9/2/2023,UMD vs Towson
P2 Lot, $20.00 ,9/2/2023,UMD vs Towson
Terrapin Trail Garage, $20.00 ,9/2/2023,UMD vs Towson
Terrapin Trail Garage, $20.00 ,9/2/2023,UMD vs Towson
Terrapin Trail Garage, $20.00 ,9/2/2023,UMD vs Towson
Terrapin Trail Garage, $20.00 ,9/2/2023,UMD vs Towson
Terrapin Trail Garage, $20.00 ,9/2/2023,UMD vs Towson
Terrapin Trail Garage, $20.00 ,9/2/2023,UMD vs Towson
Terrapin Trail Garage, $20.00 ,9/2/2023,UMD vs Towson
FF2 Lot, $20.00 ,9/2/2023,UMD vs Towson
FF2 Lot, $20.00 ,9/2/2023,UMD vs Towson
11B Lot, $20.00 ,9/2/2023,UMD vs Towson
11B Lot, $20.00 ,9/2/2023,UMD vs Towson
11B Lot, $20.00 ,9/2/2023,UMD vs Towson
11B Lot, $20.00 ,9/2/2023,UMD vs Towson
11B Lot, $20.00 ,9/2/2023,UMD vs Towson
11B Lot, $20.00 ,9/2/2023,UMD vs Towson
11B Lot, $20.00 ,9/2/2023,UMD vs Towson
11B Lot, $20.00 ,9/2/2023,UMD vs Towson
11B Lot, $20.00 ,9/2/2023,UMD vs Towson
11B Lot, $20.00 ,9/2/2023,UMD vs Towson
11B Lot, $20.00 ,9/2/2023,UMD vs Towson
MV Lot, $20.00 ,9/2/2023,UMD vs Towson
Regents Drive Garage, $20.00 ,9/2/2023,UMD vs Towson
Regents Drive Garage, $20.00 ,9/2/2023,UMD vs Towson
Regents Drive Garage, $20.00 ,9/2/2023,UMD vs Towson
Regents Drive Garage, $20.00 ,9/2/2023,UMD vs Towson
Regents Drive Garage, $20.00 ,9/2/2023,UMD vs Towson
Regents Drive Garage, $20.00 ,9/2/2023,UMD vs Towson
Regents Drive Garage, $20.00 ,9/2/2023,UMD vs Towson
Regents Drive Garage, $20.00 ,9/2/2023,UMD vs Towson
Regents Drive Garage, $20.00 ,9/2/2023,UMD vs Towson
Terrapin Trail Garage, $20.00 ,9/2/2023,UMD vs Towson
Terrapin Trail Garage, $20.00 ,9/2/2023,UMD vs Towson
Terrapin Trail Garage, $20.00 ,9/2/2023,UMD vs Towson
Terrapin Trail Garage, $20.00 ,9/2/2023,UMD vs Towson
FF2 Lot, $20.00 ,9/2/2023,UMD vs Towson
FF2 Lot, $20.00 ,9/2/2023,UMD vs Towson
FF2 Lot, $20.00 ,9/2/2023,UMD vs Towson
FF2 Lot, $20.00 ,9/2/2023,UMD vs Towson
11B Lot, $20.00 ,9/2/2023,UMD vs Towson
11B Lot, $20.00 ,9/2/2023,UMD vs Towson
11B Lot, $20.00 ,9/2/2023,UMD vs Towson
11B Lot, $20.00 ,9/2/2023,UMD vs Towson
11B Lot, $20.00 ,9/2/2023,UMD vs Towson
11B Lot, $20.00 ,9/2/2023,UMD vs Towson
MV Lot, $20.00 ,9/2/2023,UMD vs Towson
4B Lot, $20.00 ,9/2/2023,UMD vs Towson
4B Lot, $20.00 ,9/2/2023,UMD vs Towson
A Lot, $20.00 ,9/2/2023,UMD vs Towson
A Lot, $20.00 ,9/2/2023,UMD vs Towson
CC1 Lot, $20.00 ,9/2/2023,UMD vs Towson
CC1 Lot, $20.00 ,9/2/2023,UMD vs Towson
4B Lot, $20.00 ,9/2/2023,UMD vs Towson
4B Lot, $20.00 ,9/2/2023,UMD vs Towson
4B Lot, $20.00 ,9/2/2023,UMD vs Towson
A Lot, $20.00 ,9/2/2023,UMD vs Towson
A Lot, $20.00 ,9/2/2023,UMD vs Towson
A Lot, $20.00 ,9/2/2023,UMD vs Towson
L Lot, $20.00 ,9/2/2023,UMD vs Towson
L Lot, $20.00 ,9/2/2023,UMD vs Towson
PH Lot, $20.00 ,9/2/2023,UMD vs Towson
PH Lot, $20.00 ,9/2/2023,UMD vs Towson
XX1/XVL, $20.00 ,9/2/2023,UMD vs Towson
Regents Drive Garage, $20.00 ,9/2/2023,UMD vs Towson
Regents Drive Garage, $20.00 ,9/2/2023,UMD vs Towson
Regents Drive Garage, $20.00 ,9/2/2023,UMD vs Towson
Regents Drive Garage, $20.00 ,9/2/2023,UMD vs Towson
Regents Drive Garage, $20.00 ,9/2/2023,UMD vs Towson
Regents Drive Garage, $20.00 ,9/2/2023,UMD vs Towson
Regents Drive Garage, $20.00 ,9/2/2023,UMD vs Towson
Regents Drive Garage, $20.00 ,9/2/2023,UMD vs Towson
P2 Lot, $20.00 ,9/2/2023,UMD vs Towson
Terrapin Trail Garage, $20.00 ,9/2/2023,UMD vs Towson
Terrapin Trail Garage, $20.00 ,9/2/2023,UMD vs Towson
FF2 Lot, $20.00 ,9/2/2023,UMD vs Towson
11B Lot, $20.00 ,9/2/2023,UMD vs Towson
11B Lot, $20.00 ,9/2/2023,UMD vs Towson
11B Lot, $20.00 ,9/2/2023,UMD vs Towson
MV Lot, $20.00 ,9/2/2023,UMD vs Towson
Regents Drive Garage, $20.00 ,9/2/2023,UMD vs Towson
Regents Drive Garage, $20.00 ,9/2/2023,UMD vs Towson
Regents Drive Garage, $20.00 ,9/2/2023,UMD vs Towson
Regents Drive Garage, $20.00 ,9/2/2023,UMD vs Towson
Regents Drive Garage, $20.00 ,9/2/2023,UMD vs Towson
MV Lot, $20.00 ,9/2/2023,UMD vs Towson
GG1 Lot, $20.00 ,9/2/2023,UMD vs Towson
CC1 Lot, $20.00 ,9/2/2023,UMD vs Towson
CC1 Lot, $20.00 ,9/2/2023,UMD vs Towson
L Lot, $20.00 ,9/2/2023,UMD vs Towson
L Lot, $20.00 ,9/2/2023,UMD vs Towson
PH Lot, $20.00 ,9/2/2023,UMD vs Towson
XX1/XVL, $20.00 ,9/2/2023,UMD vs Towson
GG1 Lot, $20.00 ,9/2/2023,UMD vs Towson
4B Lot, $20.00 ,9/2/2023,UMD vs Towson
4B Lot, $20.00 ,9/2/2023,UMD vs Towson
4B Lot, $20.00 ,9/2/2023,UMD vs Towson
4B Lot, $20.00 ,9/2/2023,UMD vs Towson
4B Lot, $20.00 ,9/2/2023,UMD vs Towson
4B Lot, $20.00 ,9/2/2023,UMD vs Towson
11B-RV, $80.00 ,9/2/2023,UMD vs Towson
L Lot, $20.00 ,9/2/2023,UMD vs Towson
PH Lot, $20.00 ,9/2/2023,UMD vs Towson
PH Lot, $20.00 ,9/2/2023,UMD vs Towson
PH Lot, $20.00 ,9/2/2023,UMD vs Towson
Regents Drive Garage, $20.00 ,9/2/2023,UMD vs Towson
Regents Drive Garage, $20.00 ,9/2/2023,UMD vs Towson
Regents Drive Garage, $20.00 ,9/2/2023,UMD vs Towson
Regents Drive Garage, $20.00 ,9/2/2023,UMD vs Towson
Regents Drive Garage, $20.00 ,9/2/2023,UMD vs Towson
Regents Drive Garage, $20.00 ,9/2/2023,UMD vs Towson
Terrapin Trail Garage, $20.00 ,9/2/2023,UMD vs Towson
Terrapin Trail Garage, $20.00 ,9/2/2023,UMD vs Towson
Terrapin Trail Garage, $20.00 ,9/2/2023,UMD vs Towson
FF2 Lot, $20.00 ,9/2/2023,UMD vs Towson
Regents Drive Garage, $20.00 ,9/2/2023,UMD vs Towson
Regents Drive Garage, $20.00 ,9/2/2023,UMD vs Towson
Regents Drive Garage, $20.00 ,9/2/2023,UMD vs Towson
Regents Drive Garage, $20.00 ,9/2/2023,UMD vs Towson
Regents Drive Garage, $20.00 ,9/2/2023,UMD vs Towson
Regents Drive Garage, $20.00 ,9/2/2023,UMD vs Towson
Regents Drive Garage, $20.00 ,9/2/2023,UMD vs Towson
Regents Drive Garage, $20.00 ,9/2/2023,UMD vs Towson
Regents Drive Garage, $20.00 ,9/2/2023,UMD vs Towson
Regents Drive Garage, $20.00 ,9/2/2023,UMD vs Towson
Regents Drive Garage, $20.00 ,9/2/2023,UMD vs Towson
Regents Drive Garage, $20.00 ,9/2/2023,UMD vs Towson
Regents Drive Garage, $20.00 ,9/2/2023,UMD vs Towson
Regents Drive Garage, $20.00 ,9/2/2023,UMD vs Towson
Regents Drive Garage, $20.00 ,9/2/2023,UMD vs Towson
Regents Drive Garage, $20.00 ,9/2/2023,UMD vs Towson
Regents Drive Garage, $20.00 ,9/2/2023,UMD vs Towson
Regents Drive Garage, $20.00 ,9/2/2023,UMD vs Towson
Regents Drive Garage, $20.00 ,9/2/2023,UMD vs Towson
Regents Drive Garage, $20.00 ,9/2/2023,UMD vs Towson
Terrapin Trail Garage, $20.00 ,9/2/2023,UMD vs Towson
Terrapin Trail Garage, $20.00 ,9/2/2023,UMD vs Towson
Terrapin Trail Garage, $20.00 ,9/2/2023,UMD vs Towson
FF2 Lot, $20.00 ,9/2/2023,UMD vs Towson
11B Lot, $20.00 ,9/2/2023,UMD vs Towson
11B Lot, $20.00 ,9/2/2023,UMD vs Towson
4B Lot, $20.00 ,9/2/2023,UMD vs Towson
4B Lot, $20.00 ,9/2/2023,UMD vs Towson
4B Lot, $20.00 ,9/2/2023,UMD vs Towson
4B Lot, $20.00 ,9/2/2023,UMD vs Towson
4B Lot, $20.00 ,9/2/2023,UMD vs Towson
A Lot, $20.00 ,9/2/2023,UMD vs Towson
CC1 Lot, $20.00 ,9/2/2023,UMD vs Towson
L Lot, $20.00 ,9/2/2023,UMD vs Towson
L Lot, $20.00 ,9/2/2023,UMD vs Towson
L Lot, $20.00 ,9/2/2023,UMD vs Towson
L Lot, $20.00 ,9/2/2023,UMD vs Towson
L Lot, $20.00 ,9/2/2023,UMD vs Towson
PH Lot, $20.00 ,9/2/2023,UMD vs Towson
CC1 Lot, $20.00 ,9/2/2023,UMD vs Towson
CC1 Lot, $20.00 ,9/2/2023,UMD vs Towson
L Lot, $20.00 ,9/2/2023,UMD vs Towson
XX1/XVL, $20.00 ,9/2/2023,UMD vs Towson
XX1/XVL, $20.00 ,9/2/2023,UMD vs Towson
XX1/XVL, $20.00 ,9/2/2023,UMD vs Towson
Regents Drive Garage, $20.00 ,9/2/2023,UMD vs Towson
Regents Drive Garage, $20.00 ,9/2/2023,UMD vs Towson
Regents Drive Garage, $20.00 ,9/2/2023,UMD vs Towson
Terrapin Trail Garage, $20.00 ,9/2/2023,UMD vs Towson
11B Lot, $20.00 ,9/2/2023,UMD vs Towson
11B Lot, $20.00 ,9/2/2023,UMD vs Towson
11B Lot, $20.00 ,9/2/2023,UMD vs Towson
11B Lot, $20.00 ,9/2/2023,UMD vs Towson
MV Lot, $20.00 ,9/2/2023,UMD vs Towson
MV Lot, $20.00 ,9/2/2023,UMD vs Towson
MV Lot, $20.00 ,9/2/2023,UMD vs Towson
MV Lot, $20.00 ,9/2/2023,UMD vs Towson
MV Lot, $20.00 ,9/2/2023,UMD vs Towson
Regents Drive Garage, $20.00 ,9/2/2023,UMD vs Towson
Regents Drive Garage, $20.00 ,9/2/2023,UMD vs Towson
Terrapin Trail Garage, $20.00 ,9/2/2023,UMD vs Towson
Terrapin Trail Garage, $20.00 ,9/2/2023,UMD vs Towson
4B Lot, $20.00 ,9/2/2023,UMD vs Towson
4B Lot, $20.00 ,9/2/2023,UMD vs Towson
L Lot, $20.00 ,9/2/2023,UMD vs Towson
4B Lot, $20.00 ,9/2/2023,UMD vs Towson
Regents Drive Garage, $20.00 ,9/2/2023,UMD vs Towson
Regents Drive Garage, $20.00 ,9/2/2023,UMD vs Towson
Regents Drive Garage, $20.00 ,9/2/2023,UMD vs Towson
Regents Drive Garage, $20.00 ,9/2/2023,UMD vs Towson
Regents Drive Garage, $20.00 ,9/2/2023,UMD vs Towson
Regents Drive Garage, $20.00 ,9/2/2023,UMD vs Towson
Regents Drive Garage, $20.00 ,9/2/2023,UMD vs Towson
Regents Drive Garage, $20.00 ,9/2/2023,UMD vs Towson
Regents Drive Garage, $20.00 ,9/2/2023,UMD vs Towson
Regents Drive Garage, $20.00 ,9/2/2023,UMD vs Towson
Regents Drive Garage, $20.00 ,9/2/2023,UMD vs Towson
Regents Drive Garage, $20.00 ,9/2/2023,UMD vs Towson
Regents Drive Garage, $20.00 ,9/2/2023,UMD vs Towson
Regents Drive Garage, $20.00 ,9/2/2023,UMD vs Towson
Regents Drive Garage, $20.00 ,9/2/2023,UMD vs Towson
Regents Drive Garage, $20.00 ,9/2/2023,UMD vs Towson
Regents Drive Garage, $20.00 ,9/2/2023,UMD vs Towson
Regents Drive Garage, $20.00 ,9/2/2023,UMD vs Towson
Regents Drive Garage, $20.00 ,9/2/2023,UMD vs Towson
Regents Drive Garage, $20.00 ,9/2/2023,UMD vs Towson
Regents Drive Garage, $20.00 ,9/2/2023,UMD vs Towson
Regents Drive Garage, $20.00 ,9/2/2023,UMD vs Towson
Regents Drive Garage, $20.00 ,9/2/2023,UMD vs Towson
Regents Drive Garage, $20.00 ,9/2/2023,UMD vs Towson
Terrapin Trail Garage, $20.00 ,9/2/2023,UMD vs Towson
Regents Drive Garage, $20.00 ,9/2/2023,UMD vs Towson
Regents Drive Garage, $20.00 ,9/2/2023,UMD vs Towson
Regents Drive Garage, $20.00 ,9/2/2023,UMD vs Towson
11B Lot, $20.00 ,9/2/2023,UMD vs Towson
4B Lot, $20.00 ,9/2/2023,UMD vs Towson
4B Lot, $20.00 ,9/2/2023,UMD vs Towson
4B Lot, $20.00 ,9/2/2023,UMD vs Towson
4B Lot, $20.00 ,9/2/2023,UMD vs Towson
4B Lot, $20.00 ,9/2/2023,UMD vs Towson
4B Lot, $20.00 ,9/2/2023,UMD vs Towson
4B Lot, $20.00 ,9/2/2023,UMD vs Towson
A Lot, $20.00 ,9/2/2023,UMD vs Towson
A Lot, $20.00 ,9/2/2023,UMD vs Towson
A Lot, $20.00 ,9/2/2023,UMD vs Towson
A Lot, $20.00 ,9/2/2023,UMD vs Towson
L Lot, $20.00 ,9/2/2023,UMD vs Towson
PH Lot, $20.00 ,9/2/2023,UMD vs Towson
PH Lot, $20.00 ,9/2/2023,UMD vs Towson
4B Lot, $20.00 ,9/2/2023,UMD vs Towson
4B Lot, $20.00 ,9/2/2023,UMD vs Towson
4B Lot, $20.00 ,9/2/2023,UMD vs Towson
4B Lot, $20.00 ,9/2/2023,UMD vs Towson
A Lot, $20.00 ,9/2/2023,UMD vs Towson
A Lot, $20.00 ,9/2/2023,UMD vs Towson
XX1/XVL, $20.00 ,9/2/2023,UMD vs Towson
XX1/XVL, $20.00 ,9/2/2023,UMD vs Towson
Regents Drive Garage, $20.00 ,9/2/2023,UMD vs Towson
Regents Drive Garage, $20.00 ,9/2/2023,UMD vs Towson
Regents Drive Garage, $20.00 ,9/2/2023,UMD vs Towson
Regents Drive Garage, $20.00 ,9/2/2023,UMD vs Towson
11B Lot, $20.00 ,9/2/2023,UMD vs Towson
11B Lot, $20.00 ,9/2/2023,UMD vs Towson
MV Lot, $20.00 ,9/2/2023,UMD vs Towson
GG1 Lot, $20.00 ,9/2/2023,UMD vs Towson
4B Lot, $20.00 ,9/2/2023,UMD vs Towson
4B Lot, $20.00 ,9/2/2023,UMD vs Towson
A Lot, $20.00 ,9/2/2023,UMD vs Towson
CC1 Lot, $20.00 ,9/2/2023,UMD vs Towson
PH Lot, $20.00 ,9/2/2023,UMD vs Towson
4B Lot, $20.00 ,9/2/2023,UMD vs Towson
Regents Drive Garage, $20.00 ,9/2/2023,UMD vs Towson
Regents Drive Garage, $20.00 ,9/2/2023,UMD vs Towson
P1 Lot, $20.00 ,9/2/2023,UMD vs Towson
11B Lot, $20.00 ,9/2/2023,UMD vs Towson
11B Lot, $20.00 ,9/2/2023,UMD vs Towson
MV Lot, $20.00 ,9/2/2023,UMD vs Towson
Regents Drive Garage, $20.00 ,9/2/2023,UMD vs Towson
Regents Drive Garage, $20.00 ,9/2/2023,UMD vs Towson
Regents Drive Garage, $20.00 ,9/2/2023,UMD vs Towson
Regents Drive Garage, $20.00 ,9/2/2023,UMD vs Towson
FF2 Lot, $20.00 ,9/2/2023,UMD vs Towson
FF2 Lot, $20.00 ,9/2/2023,UMD vs Towson
FF2 Lot, $20.00 ,9/2/2023,UMD vs Towson
FF2 Lot, $20.00 ,9/2/2023,UMD vs Towson
FF2 Lot, $20.00 ,9/2/2023,UMD vs Towson
FF2 Lot, $20.00 ,9/2/2023,UMD vs Towson
FF2 Lot, $20.00 ,9/2/2023,UMD vs Towson
FF2 Lot, $20.00 ,9/2/2023,UMD vs Towson
FF2 Lot, $20.00 ,9/2/2023,UMD vs Towson
FF2 Lot, $20.00 ,9/2/2023,UMD vs Towson
P1 Lot, $20.00 ,9/2/2023,UMD vs Towson
11B Lot, $20.00 ,9/2/2023,UMD vs Towson
11B Lot, $20.00 ,9/2/2023,UMD vs Towson
4B Lot, $20.00 ,9/2/2023,UMD vs Towson
A Lot, $20.00 ,9/2/2023,UMD vs Towson
CC1 Lot, $20.00 ,9/2/2023,UMD vs Towson
L Lot, $20.00 ,9/2/2023,UMD vs Towson
L Lot, $20.00 ,9/2/2023,UMD vs Towson
L Lot, $20.00 ,9/2/2023,UMD vs Towson
PH Lot, $20.00 ,9/2/2023,UMD vs Towson
XX1/XVL, $20.00 ,9/2/2023,UMD vs Towson
Regents Drive Garage, $20.00 ,9/2/2023,UMD vs Towson
Terrapin Trail Garage, $20.00 ,9/2/2023,UMD vs Towson
Terrapin Trail Garage, $20.00 ,9/2/2023,UMD vs Towson
11B Lot, $20.00 ,9/2/2023,UMD vs Towson
Regents Drive Garage, $20.00 ,9/2/2023,UMD vs Towson
11B Lot, $20.00 ,9/2/2023,UMD vs Towson
MV Lot, $20.00 ,9/2/2023,UMD vs Towson
4B Lot, $20.00 ,9/2/2023,UMD vs Towson
XX1/XVL, $20.00 ,9/2/2023,UMD vs Towson
XX1/XVL, $20.00 ,9/2/2023,UMD vs Towson
XX1/XVL, $20.00 ,9/2/2023,UMD vs Towson
XX1/XVL, $20.00 ,9/2/2023,UMD vs Towson
PH Lot, $20.00 ,9/2/2023,UMD vs Towson
PH Lot, $20.00 ,9/2/2023,UMD vs Towson
Regents Drive Garage, $20.00 ,9/2/2023,UMD vs Towson
Terrapin Trail Garage, $20.00 ,9/2/2023,UMD vs Towson
Terrapin Trail Garage, $20.00 ,9/2/2023,UMD vs Towson
Terrapin Trail Garage, $20.00 ,9/2/2023,UMD vs Towson
Terrapin Trail Garage, $20.00 ,9/2/2023,UMD vs Towson
MV Lot, $20.00 ,9/2/2023,UMD vs Towson
PH Lot, $20.00 ,9/2/2023,UMD vs Towson
4B Lot, $20.00 ,9/2/2023,UMD vs Towson
PH Lot, $20.00 ,9/2/2023,UMD vs Towson
XX1/XVL, $20.00 ,9/2/2023,UMD vs Towson
XX1/XVL, $20.00 ,9/2/2023,UMD vs Towson
Regents Drive Garage, $20.00 ,9/2/2023,UMD vs Towson
Regents Drive Garage, $20.00 ,9/2/2023,UMD vs Towson
Regents Drive Garage, $20.00 ,9/2/2023,UMD vs Towson
Terrapin Trail Garage, $20.00 ,9/2/2023,UMD vs Towson
Regents Drive Garage, $20.00 ,9/2/2023,UMD vs Towson
Regents Drive Garage, $20.00 ,9/2/2023,UMD vs Towson
CC1 Lot, $20.00 ,9/2/2023,UMD vs Towson
GG1 Lot, $20.00 ,9/2/2023,UMD vs Towson
GG1 Lot, $20.00 ,9/2/2023,UMD vs Towson
Regents Drive Garage, $20.00 ,9/2/2023,UMD vs Towson
Terrapin Trail Garage, $20.00 ,9/2/2023,UMD vs Towson
11B Lot, $20.00 ,9/2/2023,UMD vs Towson
11B Lot, $20.00 ,9/2/2023,UMD vs Towson
11B Lot, $20.00 ,9/2/2023,UMD vs Towson
MV Lot, $20.00 ,9/2/2023,UMD vs Towson
MV Lot, $20.00 ,9/2/2023,UMD vs Towson
Regents Drive Garage, $20.00 ,9/2/2023,UMD vs Towson
Regents Drive Garage, $20.00 ,9/2/2023,UMD vs Towson
Regents Drive Garage, $20.00 ,9/2/2023,UMD vs Towson
Regents Drive Garage, $20.00 ,9/2/2023,UMD vs Towson
Terrapin Trail Garage, $20.00 ,9/2/2023,UMD vs Towson
MV Lot, $20.00 ,9/2/2023,UMD vs Towson
MV Lot, $20.00 ,9/2/2023,UMD vs Towson
MV Lot, $20.00 ,9/2/2023,UMD vs Towson
MV Lot, $20.00 ,9/2/2023,UMD vs Towson
MV Lot, $20.00 ,9/2/2023,UMD vs Towson
4B Lot, $20.00 ,9/2/2023,UMD vs Towson
A Lot, $20.00 ,9/2/2023,UMD vs Towson
A Lot, $20.00 ,9/2/2023,UMD vs Towson
A Lot, $20.00 ,9/2/2023,UMD vs Towson
A Lot, $20.00 ,9/2/2023,UMD vs Towson
A Lot, $20.00 ,9/2/2023,UMD vs Towson
11B-RV, $80.00 ,9/2/2023,UMD vs Towson
XX1/XVL, $20.00 ,9/2/2023,UMD vs Towson
Regents Drive Garage, $20.00 ,9/2/2023,UMD vs Towson
MV Lot, $20.00 ,9/2/2023,UMD vs Towson
FF2 Lot, $20.00 ,9/2/2023,UMD vs Towson
GG1 Lot, $20.00 ,9/2/2023,UMD vs Towson
GG1 Lot, $20.00 ,9/2/2023,UMD vs Towson
GG1 Lot, $20.00 ,9/2/2023,UMD vs Towson
GG1 Lot, $20.00 ,9/2/2023,UMD vs Towson
4B Lot, $20.00 ,9/2/2023,UMD vs Towson
A Lot, $20.00 ,9/2/2023,UMD vs Towson
A Lot, $20.00 ,9/2/2023,UMD vs Towson
L Lot, $20.00 ,9/2/2023,UMD vs Towson
L Lot, $20.00 ,9/2/2023,UMD vs Towson
PH Lot, $20.00 ,9/2/2023,UMD vs Towson
A Lot, $20.00 ,9/2/2023,UMD vs Towson
L Lot, $20.00 ,9/2/2023,UMD vs Towson
L Lot, $20.00 ,9/2/2023,UMD vs Towson
L Lot, $20.00 ,9/2/2023,UMD vs Towson
PH Lot, $20.00 ,9/2/2023,UMD vs Towson
MV Lot, $20.00 ,9/2/2023,UMD vs Towson
P1 Lot, $20.00 ,9/2/2023,UMD vs Towson
11B Lot, $20.00 ,9/2/2023,UMD vs Towson
11B Lot, $20.00 ,9/2/2023,UMD vs Towson
11B Lot, $20.00 ,9/2/2023,UMD vs Towson
11B Lot, $20.00 ,9/2/2023,UMD vs Towson
11B Lot, $20.00 ,9/2/2023,UMD vs Towson
MV Lot, $20.00 ,9/2/2023,UMD vs Towson
4B Lot, $20.00 ,9/2/2023,UMD vs Towson
CC1 Lot, $20.00 ,9/2/2023,UMD vs Towson
PH Lot, $20.00 ,9/2/2023,UMD vs Towson
PH Lot, $20.00 ,9/2/2023,UMD vs Towson
GG1 Lot, $20.00 ,9/2/2023,UMD vs Towson
4B Lot, $20.00 ,9/2/2023,UMD vs Towson
4B Lot, $20.00 ,9/2/2023,UMD vs Towson
CC1 Lot, $20.00 ,9/2/2023,UMD vs Towson
Regents Drive Garage, $20.00 ,9/2/2023,UMD vs Towson
Regents Drive Garage, $20.00 ,9/2/2023,UMD vs Towson
Terrapin Trail Garage, $20.00 ,9/2/2023,UMD vs Towson
Terrapin Trail Garage, $20.00 ,9/2/2023,UMD vs Towson
Terrapin Trail Garage, $20.00 ,9/2/2023,UMD vs Towson
Terrapin Trail Garage, $20.00 ,9/2/2023,UMD vs Towson
11B Lot, $20.00 ,9/2/2023,UMD vs Towson
11B Lot, $20.00 ,9/2/2023,UMD vs Towson
11B Lot, $20.00 ,9/2/2023,UMD vs Towson
Regents Drive Garage, $20.00 ,9/2/2023,UMD vs Towson
Regents Drive Garage, $20.00 ,9/2/2023,UMD vs Towson
Regents Drive Garage, $20.00 ,9/2/2023,UMD vs Towson
FF2 Lot, $20.00 ,9/2/2023,UMD vs Towson
FF2 Lot, $20.00 ,9/2/2023,UMD vs Towson
FF2 Lot, $20.00 ,9/2/2023,UMD vs Towson
GG1 Lot, $20.00 ,9/2/2023,UMD vs Towson
GG1 Lot, $20.00 ,9/2/2023,UMD vs Towson
GG1 Lot, $20.00 ,9/2/2023,UMD vs Towson
A Lot, $20.00 ,9/2/2023,UMD vs Towson
A Lot, $20.00 ,9/2/2023,UMD vs Towson
A Lot, $20.00 ,9/2/2023,UMD vs Towson
A Lot, $20.00 ,9/2/2023,UMD vs Towson
A Lot, $20.00 ,9/2/2023,UMD vs Towson
A Lot, $20.00 ,9/2/2023,UMD vs Towson
CC1 Lot, $20.00 ,9/2/2023,UMD vs Towson
CC1 Lot, $20.00 ,9/2/2023,UMD vs Towson
L Lot, $20.00 ,9/2/2023,UMD vs Towson
L Lot, $20.00 ,9/2/2023,UMD vs Towson
L Lot, $20.00 ,9/2/2023,UMD vs Towson
L Lot, $20.00 ,9/2/2023,UMD vs Towson
L Lot, $20.00 ,9/2/2023,UMD vs Towson
XX1/XVL, $20.00 ,9/2/2023,UMD vs Towson
A Lot, $20.00 ,9/2/2023,UMD vs Towson
L Lot, $20.00 ,9/2/2023,UMD vs Towson
XX1/XVL, $20.00 ,9/2/2023,UMD vs Towson
XX1/XVL, $20.00 ,9/2/2023,UMD vs Towson
XX1/XVL, $20.00 ,9/2/2023,UMD vs Towson
Regents Drive Garage, $20.00 ,9/2/2023,UMD vs Towson
Regents Drive Garage, $20.00 ,9/2/2023,UMD vs Towson
Regents Drive Garage, $20.00 ,9/2/2023,UMD vs Towson
Terrapin Trail Garage, $20.00 ,9/2/2023,UMD vs Towson
FF2 Lot, $20.00 ,9/2/2023,UMD vs Towson
4B Lot, $20.00 ,9/2/2023,UMD vs Towson
4B Lot, $20.00 ,9/2/2023,UMD vs Towson
4B Lot, $20.00 ,9/2/2023,UMD vs Towson
4B Lot, $20.00 ,9/2/2023,UMD vs Towson
4B Lot, $20.00 ,9/2/2023,UMD vs Towson
4B Lot, $20.00 ,9/2/2023,UMD vs Towson
4B Lot, $20.00 ,9/2/2023,UMD vs Towson
4B Lot, $20.00 ,9/2/2023,UMD vs Towson
4B Lot, $20.00 ,9/2/2023,UMD vs Towson
4B Lot, $20.00 ,9/2/2023,UMD vs Towson
4B Lot, $20.00 ,9/2/2023,UMD vs Towson
4B Lot, $20.00 ,9/2/2023,UMD vs Towson
4B Lot, $20.00 ,9/2/2023,UMD vs Towson
A Lot, $20.00 ,9/2/2023,UMD vs Towson
PH Lot, $20.00 ,9/2/2023,UMD vs Towson
PH Lot, $20.00 ,9/2/2023,UMD vs Towson
PH Lot, $20.00 ,9/2/2023,UMD vs Towson
PH Lot, $20.00 ,9/2/2023,UMD vs Towson
4B Lot, $20.00 ,9/2/2023,UMD vs Towson
A Lot, $20.00 ,9/2/2023,UMD vs Towson
A Lot, $20.00 ,9/2/2023,UMD vs Towson
A Lot, $20.00 ,9/2/2023,UMD vs Towson
A Lot, $20.00 ,9/2/2023,UMD vs Towson
A Lot, $20.00 ,9/2/2023,UMD vs Towson
A Lot, $20.00 ,9/2/2023,UMD vs Towson
A Lot, $20.00 ,9/2/2023,UMD vs Towson
A Lot, $20.00 ,9/2/2023,UMD vs Towson
A Lot, $20.00 ,9/2/2023,UMD vs Towson
A Lot, $20.00 ,9/2/2023,UMD vs Towson
A Lot, $20.00 ,9/2/2023,UMD vs Towson
A Lot, $20.00 ,9/2/2023,UMD vs Towson
A Lot, $20.00 ,9/2/2023,UMD vs Towson
A Lot, $20.00 ,9/2/2023,UMD vs Towson
A Lot, $20.00 ,9/2/2023,UMD vs Towson
A Lot, $20.00 ,9/2/2023,UMD vs Towson
A Lot, $20.00 ,9/2/2023,UMD vs Towson
A Lot, $20.00 ,9/2/2023,UMD vs Towson
A Lot, $20.00 ,9/2/2023,UMD vs Towson
A Lot, $20.00 ,9/2/2023,UMD vs Towson
A Lot, $20.00 ,9/2/2023,UMD vs Towson
CC1 Lot, $20.00 ,9/2/2023,UMD vs Towson
Regents Drive Garage, $20.00 ,9/2/2023,UMD vs Towson
Regents Drive Garage, $20.00 ,9/2/2023,UMD vs Towson
Regents Drive Garage, $20.00 ,9/2/2023,UMD vs Towson
FF2 Lot, $20.00 ,9/2/2023,UMD vs Towson
C1 Lot, $20.00 ,9/2/2023,UMD vs Towson
C1 Lot, $20.00 ,9/2/2023,UMD vs Towson
C1 Lot, $20.00 ,9/2/2023,UMD vs Towson
C1 Lot, $20.00 ,9/2/2023,UMD vs Towson
C1 Lot, $20.00 ,9/2/2023,UMD vs Towson
C1 Lot, $20.00 ,9/2/2023,UMD vs Towson
C1 Lot, $20.00 ,9/2/2023,UMD vs Towson
C1 Lot, $20.00 ,9/2/2023,UMD vs Towson
C1 Lot, $20.00 ,9/2/2023,UMD vs Towson
C1 Lot, $20.00 ,9/2/2023,UMD vs Towson
C1 Lot, $20.00 ,9/2/2023,UMD vs Towson
C1 Lot, $20.00 ,9/2/2023,UMD vs Towson
C1 Lot, $20.00 ,9/2/2023,UMD vs Towson
C1 Lot, $20.00 ,9/2/2023,UMD vs Towson
C1 Lot, $20.00 ,9/2/2023,UMD vs Towson
C1 Lot, $20.00 ,9/2/2023,UMD vs Towson
C1 Lot, $20.00 ,9/2/2023,UMD vs Towson
C1 Lot, $20.00 ,9/2/2023,UMD vs Towson
C1 Lot, $20.00 ,9/2/2023,UMD vs Towson
C1 Lot, $20.00 ,9/2/2023,UMD vs Towson
C1 Lot, $20.00 ,9/2/2023,UMD vs Towson
C1 Lot, $20.00 ,9/2/2023,UMD vs Towson
C1 Lot, $20.00 ,9/2/2023,UMD vs Towson
C1 Lot, $20.00 ,9/2/2023,UMD vs Towson
C1 Lot, $20.00 ,9/2/2023,UMD vs Towson
C1 Lot, $20.00 ,9/2/2023,UMD vs Towson
C1 Lot, $20.00 ,9/2/2023,UMD vs Towson
C1 Lot, $20.00 ,9/2/2023,UMD vs Towson
C1 Lot, $20.00 ,9/2/2023,UMD vs Towson
C1 Lot, $20.00 ,9/2/2023,UMD vs Towson
C1 Lot, $20.00 ,9/2/2023,UMD vs Towson
C1 Lot, $20.00 ,9/2/2023,UMD vs Towson
C1 Lot, $20.00 ,9/2/2023,UMD vs Towson
C1 Lot, $20.00 ,9/2/2023,UMD vs Towson
C1 Lot, $20.00 ,9/2/2023,UMD vs Towson
C1 Lot, $20.00 ,9/2/2023,UMD vs Towson
C1 Lot, $20.00 ,9/2/2023,UMD vs Towson
C1 Lot, $20.00 ,9/2/2023,UMD vs Towson
C1 Lot, $20.00 ,9/2/2023,UMD vs Towson
C1 Lot, $20.00 ,9/2/2023,UMD vs Towson
C1 Lot, $20.00 ,9/2/2023,UMD vs Towson
C1 Lot, $20.00 ,9/2/2023,UMD vs Towson
C1 Lot, $20.00 ,9/2/2023,UMD vs Towson
C1 Lot, $20.00 ,9/2/2023,UMD vs Towson
C1 Lot, $20.00 ,9/2/2023,UMD vs Towson
C1 Lot, $20.00 ,9/2/2023,UMD vs Towson
C1 Lot, $20.00 ,9/2/2023,UMD vs Towson
C1 Lot, $20.00 ,9/2/2023,UMD vs Towson
C1 Lot, $20.00 ,9/2/2023,UMD vs Towson
C1 Lot, $20.00 ,9/2/2023,UMD vs Towson
C1 Lot, $20.00 ,9/2/2023,UMD vs Towson
C1 Lot, $20.00 ,9/2/2023,UMD vs Towson
C1 Lot, $20.00 ,9/2/2023,UMD vs Towson
C1 Lot, $20.00 ,9/2/2023,UMD vs Towson
C1 Lot, $20.00 ,9/2/2023,UMD vs Towson
C1 Lot, $20.00 ,9/2/2023,UMD vs Towson
C1 Lot, $20.00 ,9/2/2023,UMD vs Towson
C1 Lot, $20.00 ,9/2/2023,UMD vs Towson
C1 Lot, $20.00 ,9/2/2023,UMD vs Towson
C1 Lot, $20.00 ,9/2/2023,UMD vs Towson
C1 Lot, $20.00 ,9/2/2023,UMD vs Towson
C1 Lot, $20.00 ,9/2/2023,UMD vs Towson
C1 Lot, $20.00 ,9/2/2023,UMD vs Towson
C1 Lot, $20.00 ,9/2/2023,UMD vs Towson
C1 Lot, $20.00 ,9/2/2023,UMD vs Towson
C1 Lot, $20.00 ,9/2/2023,UMD vs Towson
C1 Lot, $20.00 ,9/2/2023,UMD vs Towson
C1 Lot, $20.00 ,9/2/2023,UMD vs Towson
C1 Lot, $20.00 ,9/2/2023,UMD vs Towson
C1 Lot, $20.00 ,9/2/2023,UMD vs Towson
C1 Lot, $20.00 ,9/2/2023,UMD vs Towson
C1 Lot, $20.00 ,9/2/2023,UMD vs Towson
C1 Lot, $20.00 ,9/2/2023,UMD vs Towson
C1 Lot, $20.00 ,9/2/2023,UMD vs Towson
C1 Lot, $20.00 ,9/2/2023,UMD vs Towson
C1 Lot, $20.00 ,9/2/2023,UMD vs Towson
C1 Lot, $20.00 ,9/2/2023,UMD vs Towson
C1 Lot, $20.00 ,9/2/2023,UMD vs Towson
C1 Lot, $20.00 ,9/2/2023,UMD vs Towson
C1 Lot, $20.00 ,9/2/2023,UMD vs Towson
C1 Lot, $20.00 ,9/2/2023,UMD vs Towson
C1 Lot, $20.00 ,9/2/2023,UMD vs Towson
C1 Lot, $20.00 ,9/2/2023,UMD vs Towson
C1 Lot, $20.00 ,9/2/2023,UMD vs Towson
C1 Lot, $20.00 ,9/2/2023,UMD vs Towson
C1 Lot, $20.00 ,9/2/2023,UMD vs Towson
C1 Lot, $20.00 ,9/2/2023,UMD vs Towson
C1 Lot, $20.00 ,9/2/2023,UMD vs Towson
C1 Lot, $20.00 ,9/2/2023,UMD vs Towson
C1 Lot, $20.00 ,9/2/2023,UMD vs Towson
GG1 Lot, $20.00 ,9/2/2023,UMD vs Towson
